"p";"n";"tree"
"XX";4;"p1264 p1491 "
"XX";4;"p1264 p2691 "
"XX";4;"p1264 p3008 "
"XX";4;"p1264 p3035 "
"XX";4;"p636 p1264 "
"XX";4;"p636 p883 "
"XX";4;"p883 p1491 "
"XX";4;"p883 p2691 "
"XX";4;"p883 p3008 "
"XX";4;"p883 p3035 "
"XX";4;"p1281 p1493 "
"XX";4;"p1493 p1536 "
"XX";7;"p506 p608 "
"XX";7;"p506 p909 "
"XX";25;"p506 p1276 "
"XX";21;"p608 p1281 "
"XX";21;"p608 p1536 "
"XX";21;"p909 p1281 "
"XX";21;"p909 p1536 "
"XX";32;"p608 p1276 "
"XX";32;"p909 p1276 "
"XX";25;"p608 p1493 "
"XX";25;"p909 p1493 "
"XX";28;"p506 p1281 "
"XX";28;"p506 p1536 "
"XX";32;"p506 p1493 "
"XX";31;"p1491 p1493 "
"XX";31;"p1493 p2691 "
"XX";31;"p1493 p3008 "
"XX";31;"p1493 p3035 "
"XX";31;"p636 p1493 "
"XX";2;"p1064 p1276 "
"XX";2;"p506 p1064 "
"XX";1;"p633 p2238 "
"XX";2;"p608 p1064 "
"XX";2;"p909 p1064 "
"XX";4;"p1264 p2068 "
"XX";4;"p883 p2068 "
"XX";2;"p1064 p1281 "
"XX";2;"p1064 p1536 "
"XX";1;"p633 p3122 "
"XX";1;"p633 p2711 "
"XX";2;"p1064 p1493 "
"XX";1;"p325 p633 "
"XX";1;"p633 p1261 "
"XX";1;"p926 p1276 "
"XX";2;"p1064 p1491 "
"XX";2;"p1064 p2691 "
"XX";2;"p1064 p3008 "
"XX";2;"p1064 p3035 "
"XX";2;"p636 p1064 "
"XX";2;"p1064 p1264 "
"XX";2;"p883 p1064 "
"XX";1;"p506 p926 "
"XX";1;"p633 p926 "
"XX";1;"p1261 p1276 "
"XX";1;"p1276 p2711 "
"XX";1;"p325 p1276 "
"XX";1;"p1216 p1276 "
"XX";1;"p1276 p3122 "
"XX";1;"p1264 p2238 "
"XX";1;"p608 p926 "
"XX";1;"p883 p2238 "
"XX";1;"p909 p926 "
"XX";1;"p1276 p2546 "
"XX";1;"p1276 p2743 "
"XX";1;"p1491 p2238 "
"XX";1;"p2238 p2691 "
"XX";1;"p2238 p3008 "
"XX";1;"p2238 p3035 "
"XX";1;"p636 p2238 "
"XX";1;"p926 p1281 "
"XX";1;"p926 p1536 "
"XX";1;"p1264 p3122 "
"XX";1;"p883 p3122 "
"XX";1;"p1261 p1264 "
"XX";1;"p1264 p2711 "
"XX";1;"p883 p1261 "
"XX";1;"p883 p2711 "
"XX";1;"p926 p1493 "
"XX";2;"p796 p1264 "
"XX";2;"p796 p883 "
"XX";28;"p633 p1795 "
"XX";28;"p1276 p1795 "
"XX";7;"p633 p1064 "
"XX";1;"p608 p2874 "
"XX";1;"p909 p2874 "
"XX";1;"p608 p2238 "
"XX";1;"p909 p2238 "
"XX";1;"p883 p926 "
"XX";1;"p926 p1264 "
"XX";1;"p1281 p2546 "
"XX";1;"p1281 p2743 "
"XX";1;"p1536 p2546 "
"XX";1;"p1536 p2743 "
"XX";1;"p757 p1281 "
"XX";1;"p757 p1536 "
"XX";1;"p1281 p1954 "
"XX";1;"p1536 p1954 "
"XX";1;"p1261 p1493 "
"XX";1;"p1493 p2711 "
"XX";1;"p325 p1493 "
"XX";2;"p1281 p2131 "
"XX";2;"p1536 p2131 "
"XX";2;"p1216 p1493 "
"XX";2;"p1493 p2131 "
"XX";2;"p1493 p3122 "
"XX";3;"p796 p1493 "
"XX";4;"p1216 p1281 "
"XX";4;"p1216 p1536 "
"XX";4;"p1281 p3122 "
"XX";4;"p1536 p3122 "
"XX";5;"p636 p926 "
"XX";5;"p926 p1491 "
"XX";5;"p926 p2691 "
"XX";5;"p926 p3008 "
"XX";5;"p926 p3035 "
"XX";5;"p1493 p2546 "
"XX";5;"p1493 p2743 "
"XX";5;"p757 p1493 "
"XX";5;"p1261 p1281 "
"XX";5;"p1261 p1536 "
"XX";5;"p1281 p2240 "
"XX";5;"p1281 p2711 "
"XX";5;"p1493 p1954 "
"XX";5;"p1536 p2240 "
"XX";5;"p1536 p2711 "
"XX";5;"p325 p1281 "
"XX";5;"p325 p1536 "
"XX";5;"p796 p1281 "
"XX";5;"p796 p1536 "
"XX";8;"p506 p2874 "
"XX";13;"p1276 p2212 "
"XX";8;"p506 p2238 "
"XX";10;"p8 p506 "
"XX";9;"p1493 p2240 "
"XX";15;"p8 p608 "
"XX";15;"p8 p909 "
"XX";16;"p1238 p1264 "
"XX";16;"p1264 p1285 "
"XX";16;"p883 p1238 "
"XX";16;"p883 p1285 "
"XX";19;"p608 p2212 "
"XX";19;"p909 p2212 "
"XX";20;"p1238 p1491 "
"XX";20;"p1238 p2691 "
"XX";20;"p1238 p3008 "
"XX";20;"p1238 p3035 "
"XX";20;"p1285 p1491 "
"XX";20;"p1285 p2691 "
"XX";20;"p1285 p3008 "
"XX";20;"p1285 p3035 "
"XX";20;"p636 p1238 "
"XX";20;"p636 p1285 "
"XX";20;"p608 p757 "
"XX";20;"p757 p909 "
"XX";26;"p506 p2212 "
"XX";22;"p1281 p2874 "
"XX";22;"p1536 p2874 "
"XX";22;"p608 p2546 "
"XX";22;"p608 p2743 "
"XX";22;"p909 p2546 "
"XX";22;"p909 p2743 "
"XX";22;"p1281 p2238 "
"XX";22;"p1536 p2238 "
"XX";22;"p608 p1954 "
"XX";22;"p909 p1954 "
"XX";23;"p608 p2131 "
"XX";23;"p909 p2131 "
"XX";31;"p1276 p2874 "
"XX";25;"p608 p1216 "
"XX";25;"p909 p1216 "
"XX";25;"p608 p3122 "
"XX";25;"p909 p3122 "
"XX";33;"p1276 p2238 "
"XX";27;"p506 p757 "
"XX";26;"p1493 p2874 "
"XX";26;"p1493 p2238 "
"XX";26;"p325 p608 "
"XX";26;"p325 p909 "
"XX";26;"p608 p1261 "
"XX";26;"p608 p2240 "
"XX";26;"p608 p2711 "
"XX";26;"p608 p796 "
"XX";26;"p796 p909 "
"XX";26;"p909 p1261 "
"XX";26;"p909 p2240 "
"XX";26;"p909 p2711 "
"XX";29;"p506 p2546 "
"XX";29;"p506 p2743 "
"XX";29;"p506 p1954 "
"XX";30;"p506 p2131 "
"XX";28;"p1281 p1795 "
"XX";28;"p1536 p1795 "
"XX";31;"p506 p2687 "
"XX";32;"p506 p1216 "
"XX";32;"p506 p3122 "
"XX";30;"p1491 p2240 "
"XX";30;"p2240 p2691 "
"XX";30;"p2240 p3008 "
"XX";30;"p2240 p3035 "
"XX";30;"p636 p2240 "
"XX";33;"p325 p506 "
"XX";33;"p506 p1261 "
"XX";33;"p506 p2240 "
"XX";33;"p506 p2711 "
"XX";33;"p506 p796 "
"XX";31;"p325 p1491 "
"XX";31;"p325 p2691 "
"XX";31;"p325 p3008 "
"XX";31;"p325 p3035 "
"XX";31;"p325 p636 "
"XX";32;"p1261 p1491 "
"XX";32;"p1261 p2691 "
"XX";32;"p1261 p3008 "
"XX";32;"p1261 p3035 "
"XX";32;"p1491 p2711 "
"XX";32;"p2691 p2711 "
"XX";32;"p2711 p3008 "
"XX";32;"p2711 p3035 "
"XX";32;"p636 p1261 "
"XX";32;"p636 p2711 "
"XX";32;"p1491 p2687 "
"XX";32;"p2687 p2691 "
"XX";32;"p2687 p3008 "
"XX";32;"p2687 p3035 "
"XX";32;"p636 p2687 "
"XX";32;"p1493 p1795 "
"XX";33;"p1491 p3122 "
"XX";33;"p2691 p3122 "
"XX";33;"p3008 p3122 "
"XX";33;"p3035 p3122 "
"XX";33;"p636 p3122 "
"XX";33;"p1216 p1491 "
"XX";33;"p1216 p2691 "
"XX";33;"p1216 p3008 "
"XX";33;"p1216 p3035 "
"XX";33;"p1491 p2131 "
"XX";33;"p2131 p2691 "
"XX";33;"p2131 p3008 "
"XX";33;"p2131 p3035 "
"XX";33;"p636 p1216 "
"XX";33;"p636 p2131 "
"XX";34;"p1264 p2240 "
"XX";34;"p883 p2240 "
"XX";36;"p8 p1281 "
"XX";36;"p8 p1536 "
"XX";34;"p636 p796 "
"XX";34;"p796 p1491 "
"XX";34;"p796 p2691 "
"XX";34;"p796 p3008 "
"XX";34;"p796 p3035 "
"XX";34;"p1491 p1954 "
"XX";34;"p1954 p2691 "
"XX";34;"p1954 p3008 "
"XX";34;"p1954 p3035 "
"XX";34;"p636 p1954 "
"XX";35;"p325 p1264 "
"XX";35;"p325 p883 "
"XX";35;"p1491 p1795 "
"XX";35;"p1795 p2691 "
"XX";35;"p1795 p3008 "
"XX";35;"p1795 p3035 "
"XX";35;"p636 p1795 "
"XX";38;"p608 p2687 "
"XX";38;"p909 p2687 "
"XX";40;"p8 p1493 "
"XX";39;"p1264 p1795 "
"XX";39;"p883 p1795 "
"XX";49;"p608 p1795 "
"XX";49;"p909 p1795 "
"XX";56;"p506 p1795 "
"XX";59;"p1281 p2687 "
"XX";59;"p1536 p2687 "
"XX";63;"p1493 p2687 "
"XX";1;"p633 p2870 "
"XX";1;"p882 p1276 "
"XX";2;"p1264 p3375 "
"XX";2;"p883 p3375 "
"XX";2;"p1491 p3375 "
"XX";2;"p2691 p3375 "
"XX";2;"p3008 p3375 "
"XX";2;"p3035 p3375 "
"XX";2;"p636 p3375 "
"XX";1;"p506 p882 "
"XX";1;"p633 p3380 "
"XX";1;"p633 p2783 "
"XX";1;"p608 p882 "
"XX";1;"p882 p909 "
"XX";2;"p1493 p3375 "
"XX";2;"p1281 p3375 "
"XX";2;"p1536 p3375 "
"XX";1;"p269 p633 "
"XX";1;"p882 p1281 "
"XX";1;"p882 p1536 "
"XX";2;"p608 p3375 "
"XX";2;"p909 p3375 "
"XX";1;"p633 p1343 "
"XX";1;"p882 p1493 "
"XX";1;"p1264 p2870 "
"XX";1;"p883 p2870 "
"XX";2;"p633 p879 "
"XX";2;"p506 p3375 "
"XX";2;"p1276 p2179 "
"XX";1;"p1491 p2870 "
"XX";1;"p2691 p2870 "
"XX";1;"p2870 p3008 "
"XX";1;"p2870 p3035 "
"XX";1;"p636 p2870 "
"XX";3;"p633 p1020 "
"XX";4;"p1276 p3163 "
"XX";2;"p1276 p3375 "
"XX";1;"p636 p882 "
"XX";1;"p882 p1491 "
"XX";1;"p882 p2691 "
"XX";1;"p882 p3008 "
"XX";1;"p882 p3035 "
"XX";2;"p506 p2179 "
"XX";1;"p879 p1276 "
"XX";1;"p1276 p1343 "
"XX";1;"p882 p1264 "
"XX";1;"p882 p883 "
"XX";1;"p1264 p3380 "
"XX";1;"p883 p3380 "
"XX";1;"p269 p1276 "
"XX";1;"p1264 p2783 "
"XX";1;"p883 p2783 "
"XX";2;"p608 p2179 "
"XX";2;"p909 p2179 "
"XX";2;"p1493 p2870 "
"XX";2;"p633 p2179 "
"XX";1;"p1491 p3380 "
"XX";1;"p2691 p3380 "
"XX";1;"p3008 p3380 "
"XX";1;"p3035 p3380 "
"XX";1;"p636 p3380 "
"XX";1;"p1491 p2783 "
"XX";1;"p2691 p2783 "
"XX";1;"p2783 p3008 "
"XX";1;"p2783 p3035 "
"XX";1;"p636 p2783 "
"XX";2;"p1281 p2870 "
"XX";2;"p1536 p2870 "
"XX";4;"p633 p3163 "
"XX";3;"p1020 p1276 "
"XX";4;"p506 p3163 "
"XX";4;"p608 p3163 "
"XX";4;"p909 p3163 "
"XX";2;"p1281 p2179 "
"XX";2;"p1536 p2179 "
"XX";2;"p269 p1264 "
"XX";2;"p269 p883 "
"XX";1;"p1281 p3073 "
"XX";1;"p1536 p3073 "
"XX";2;"p1493 p2179 "
"XX";2;"p879 p1264 "
"XX";2;"p879 p883 "
"XX";2;"p269 p1491 "
"XX";2;"p269 p2691 "
"XX";2;"p269 p3008 "
"XX";2;"p269 p3035 "
"XX";2;"p269 p636 "
"XX";4;"p1281 p3163 "
"XX";4;"p1536 p3163 "
"XX";23;"p633 p1125 "
"XX";24;"p1125 p1276 "
"XX";23;"p1125 p1264 "
"XX";23;"p883 p1125 "
"XX";3;"p633 p882 "
"XX";2;"p1276 p2870 "
"XX";2;"p608 p2783 "
"XX";2;"p608 p3380 "
"XX";2;"p909 p2783 "
"XX";2;"p909 p3380 "
"XX";2;"p1491 p3073 "
"XX";2;"p2691 p3073 "
"XX";2;"p3008 p3073 "
"XX";2;"p3035 p3073 "
"XX";2;"p636 p3073 "
"XX";2;"p269 p1281 "
"XX";2;"p269 p1536 "
"XX";2;"p1343 p1493 "
"XX";3;"p1020 p1493 "
"XX";4;"p1491 p3163 "
"XX";4;"p2691 p3163 "
"XX";4;"p3008 p3163 "
"XX";4;"p3035 p3163 "
"XX";4;"p636 p3163 "
"XX";4;"p879 p1493 "
"XX";4;"p81 p1493 "
"XX";17;"p343 p633 "
"XX";6;"p1264 p3073 "
"XX";6;"p883 p3073 "
"XX";6;"p269 p1493 "
"XX";6;"p879 p1281 "
"XX";6;"p879 p1536 "
"XX";6;"p1281 p1343 "
"XX";6;"p1343 p1536 "
"XX";9;"p506 p2783 "
"XX";9;"p506 p3380 "
"XX";7;"p1020 p1281 "
"XX";7;"p1020 p1536 "
"XX";8;"p1264 p3163 "
"XX";8;"p1491 p2179 "
"XX";8;"p2179 p2691 "
"XX";8;"p2179 p3008 "
"XX";8;"p2179 p3035 "
"XX";8;"p636 p2179 "
"XX";8;"p883 p3163 "
"XX";8;"p81 p1281 "
"XX";8;"p81 p1536 "
"XX";10;"p785 p1264 "
"XX";10;"p785 p883 "
"XX";12;"p1264 p2179 "
"XX";12;"p883 p2179 "
"XX";14;"p636 p785 "
"XX";14;"p785 p1491 "
"XX";14;"p785 p2691 "
"XX";14;"p785 p3008 "
"XX";14;"p785 p3035 "
"XX";19;"p1161 p1264 "
"XX";19;"p883 p1161 "
"XX";26;"p506 p2870 "
"XX";23;"p1161 p1491 "
"XX";23;"p1161 p2691 "
"XX";23;"p1161 p3008 "
"XX";23;"p1161 p3035 "
"XX";23;"p636 p1161 "
"XX";23;"p1281 p2783 "
"XX";23;"p1281 p3380 "
"XX";23;"p1536 p2783 "
"XX";23;"p1536 p3380 "
"XX";23;"p269 p608 "
"XX";23;"p269 p909 "
"XX";33;"p608 p2870 "
"XX";33;"p909 p2870 "
"XX";34;"p1276 p2783 "
"XX";34;"p1276 p3380 "
"XX";24;"p1125 p1493 "
"XX";27;"p1493 p2783 "
"XX";27;"p1493 p3380 "
"XX";27;"p608 p879 "
"XX";27;"p879 p909 "
"XX";27;"p608 p1343 "
"XX";27;"p909 p1343 "
"XX";28;"p608 p1020 "
"XX";28;"p909 p1020 "
"XX";30;"p269 p506 "
"XX";29;"p81 p608 "
"XX";29;"p81 p909 "
"XX";28;"p1125 p1281 "
"XX";28;"p1125 p1536 "
"XX";31;"p81 p1491 "
"XX";31;"p81 p2691 "
"XX";31;"p81 p3008 "
"XX";31;"p81 p3035 "
"XX";31;"p81 p636 "
"XX";34;"p506 p879 "
"XX";34;"p506 p1343 "
"XX";32;"p1343 p1491 "
"XX";32;"p1343 p2691 "
"XX";32;"p1343 p3008 "
"XX";32;"p1343 p3035 "
"XX";32;"p636 p1343 "
"XX";35;"p506 p1020 "
"XX";33;"p1493 p3073 "
"XX";33;"p1020 p1491 "
"XX";33;"p1020 p2691 "
"XX";33;"p1020 p3008 "
"XX";33;"p1020 p3035 "
"XX";33;"p636 p1020 "
"XX";35;"p81 p1264 "
"XX";35;"p81 p883 "
"XX";35;"p1493 p3163 "
"XX";35;"p636 p879 "
"XX";35;"p879 p1491 "
"XX";35;"p879 p2691 "
"XX";35;"p879 p3008 "
"XX";35;"p879 p3035 "
"XX";36;"p1264 p1343 "
"XX";36;"p883 p1343 "
"XX";37;"p1020 p1264 "
"XX";37;"p883 p1020 "
"XX";49;"p608 p1125 "
"XX";49;"p909 p1125 "
"XX";55;"p1125 p1491 "
"XX";55;"p1125 p2691 "
"XX";55;"p1125 p3008 "
"XX";55;"p1125 p3035 "
"XX";55;"p636 p1125 "
"XX";56;"p506 p1125 "
"XX";2;"p1064 p2068 "
"XX";1;"p2068 p2238 "
"XX";1;"p1261 p2068 "
"XX";1;"p2068 p3122 "
"XX";1;"p2068 p2711 "
"XX";1;"p325 p2068 "
"XX";2;"p796 p2068 "
"XX";2;"p1064 p2212 "
"XX";2;"p1064 p2874 "
"XX";2;"p8 p1064 "
"XX";3;"p1064 p2238 "
"XX";2;"p1064 p2546 "
"XX";2;"p1064 p2743 "
"XX";2;"p757 p1064 "
"XX";2;"p1064 p1954 "
"XX";2;"p1064 p1216 "
"XX";2;"p1064 p2131 "
"XX";5;"p926 p2068 "
"XX";2;"p1064 p2687 "
"XX";2;"p1064 p2240 "
"XX";2;"p796 p1064 "
"XX";3;"p1064 p3122 "
"XX";3;"p1064 p2711 "
"XX";3;"p1064 p1261 "
"XX";3;"p325 p1064 "
"XX";1;"p926 p2212 "
"XX";1;"p1238 p2238 "
"XX";1;"p1285 p2238 "
"XX";3;"p926 p1064 "
"XX";1;"p926 p2874 "
"XX";20;"p1238 p2068 "
"XX";20;"p1285 p2068 "
"XX";1;"p926 p2238 "
"XX";1;"p8 p926 "
"XX";2;"p1064 p1238 "
"XX";2;"p1064 p1285 "
"XX";1;"p1238 p3122 "
"XX";1;"p1285 p3122 "
"XX";1;"p1238 p2711 "
"XX";1;"p1285 p2711 "
"XX";1;"p796 p1238 "
"XX";1;"p796 p1285 "
"XX";1;"p1238 p1261 "
"XX";1;"p1261 p1285 "
"XX";1;"p325 p1238 "
"XX";1;"p325 p1285 "
"XX";1;"p1261 p2212 "
"XX";1;"p2212 p2711 "
"XX";1;"p325 p2212 "
"XX";1;"p1216 p2212 "
"XX";1;"p2212 p3122 "
"XX";1;"p2212 p2546 "
"XX";1;"p2212 p2743 "
"XX";1;"p757 p926 "
"XX";1;"p926 p2546 "
"XX";1;"p926 p2743 "
"XX";28;"p1795 p2068 "
"XX";1;"p926 p1954 "
"XX";7;"p2212 p2687 "
"XX";1;"p926 p1216 "
"XX";1;"p926 p2131 "
"XX";1;"p926 p2687 "
"XX";2;"p926 p3122 "
"XX";2;"p926 p1261 "
"XX";2;"p926 p2711 "
"XX";3;"p796 p926 "
"XX";30;"p1064 p1795 "
"XX";28;"p1795 p2212 "
"XX";2;"p2238 p2874 "
"XX";2;"p2546 p2743 "
"XX";2;"p757 p2546 "
"XX";2;"p757 p2743 "
"XX";2;"p1954 p2546 "
"XX";2;"p1954 p2743 "
"XX";2;"p757 p1954 "
"XX";2;"p1216 p2131 "
"XX";2;"p1216 p3122 "
"XX";2;"p2131 p3122 "
"XX";2;"p1261 p2711 "
"XX";2;"p325 p1261 "
"XX";2;"p325 p2711 "
"XX";3;"p2131 p2546 "
"XX";3;"p2131 p2743 "
"XX";3;"p757 p2131 "
"XX";3;"p1954 p2131 "
"XX";3;"p1216 p1261 "
"XX";3;"p1216 p2711 "
"XX";3;"p1261 p2131 "
"XX";3;"p2131 p2711 "
"XX";3;"p325 p1216 "
"XX";3;"p325 p2131 "
"XX";3;"p796 p1216 "
"XX";3;"p796 p2131 "
"XX";3;"p1261 p3122 "
"XX";3;"p2711 p3122 "
"XX";3;"p325 p3122 "
"XX";3;"p796 p3122 "
"XX";4;"p1954 p2240 "
"XX";4;"p325 p796 "
"XX";4;"p796 p1261 "
"XX";4;"p796 p2711 "
"XX";5;"p1216 p2546 "
"XX";5;"p1216 p2743 "
"XX";5;"p757 p1216 "
"XX";5;"p1216 p1954 "
"XX";5;"p2546 p3122 "
"XX";5;"p2743 p3122 "
"XX";5;"p757 p3122 "
"XX";5;"p1954 p3122 "
"XX";6;"p1261 p2546 "
"XX";6;"p1261 p2743 "
"XX";6;"p2240 p2546 "
"XX";6;"p2240 p2743 "
"XX";6;"p2546 p2711 "
"XX";6;"p2711 p2743 "
"XX";6;"p325 p2546 "
"XX";6;"p325 p2743 "
"XX";6;"p325 p757 "
"XX";6;"p757 p1261 "
"XX";6;"p757 p2240 "
"XX";6;"p757 p2711 "
"XX";6;"p757 p796 "
"XX";6;"p796 p2546 "
"XX";6;"p796 p2743 "
"XX";6;"p1261 p1954 "
"XX";6;"p1954 p2711 "
"XX";6;"p325 p1954 "
"XX";6;"p796 p1954 "
"XX";7;"p2131 p2240 "
"XX";9;"p1216 p2240 "
"XX";9;"p2240 p3122 "
"XX";10;"p1261 p2240 "
"XX";10;"p2240 p2711 "
"XX";10;"p325 p2240 "
"XX";10;"p796 p2240 "
"XX";18;"p2212 p2874 "
"XX";16;"p8 p2874 "
"XX";16;"p8 p2238 "
"XX";17;"p926 p1238 "
"XX";17;"p926 p1285 "
"XX";20;"p2212 p2238 "
"XX";21;"p757 p2874 "
"XX";21;"p757 p2238 "
"XX";23;"p2546 p2874 "
"XX";23;"p2743 p2874 "
"XX";23;"p1954 p2874 "
"XX";23;"p2238 p2546 "
"XX";23;"p2238 p2743 "
"XX";23;"p1954 p2238 "
"XX";23;"p8 p2687 "
"XX";24;"p2131 p2874 "
"XX";24;"p2131 p2238 "
"XX";26;"p1216 p2874 "
"XX";26;"p1216 p2238 "
"XX";26;"p2874 p3122 "
"XX";26;"p2238 p3122 "
"XX";27;"p1261 p2874 "
"XX";27;"p2240 p2874 "
"XX";27;"p2711 p2874 "
"XX";27;"p325 p2874 "
"XX";27;"p796 p2874 "
"XX";27;"p1261 p2238 "
"XX";27;"p2238 p2240 "
"XX";27;"p2238 p2711 "
"XX";27;"p325 p2238 "
"XX";27;"p796 p2238 "
"XX";34;"p8 p2212 "
"XX";28;"p1795 p1954 "
"XX";28;"p1795 p2240 "
"XX";29;"p1795 p2546 "
"XX";29;"p1795 p2743 "
"XX";29;"p757 p1795 "
"XX";30;"p1795 p2131 "
"XX";32;"p1795 p3122 "
"XX";32;"p325 p1795 "
"XX";32;"p1216 p1795 "
"XX";35;"p8 p757 "
"XX";33;"p1261 p1795 "
"XX";33;"p1795 p2711 "
"XX";33;"p796 p1795 "
"XX";37;"p8 p2546 "
"XX";37;"p8 p2743 "
"XX";35;"p926 p2240 "
"XX";37;"p8 p1954 "
"XX";36;"p325 p926 "
"XX";38;"p8 p2131 "
"XX";39;"p2687 p2874 "
"XX";39;"p2238 p2687 "
"XX";40;"p8 p1216 "
"XX";40;"p8 p3122 "
"XX";40;"p8 p325 "
"XX";41;"p8 p1261 "
"XX";41;"p8 p2240 "
"XX";41;"p8 p2711 "
"XX";41;"p8 p796 "
"XX";40;"p926 p1795 "
"XX";50;"p1795 p2874 "
"XX";50;"p1795 p2238 "
"XX";54;"p2240 p2687 "
"XX";55;"p1238 p1795 "
"XX";55;"p1285 p1795 "
"XX";55;"p8 p1795 "
"XX";58;"p757 p2687 "
"XX";58;"p1954 p2687 "
"XX";59;"p1795 p2687 "
"XX";60;"p2546 p2687 "
"XX";60;"p2687 p2743 "
"XX";61;"p2131 p2687 "
"XX";63;"p1216 p2687 "
"XX";63;"p2687 p3122 "
"XX";63;"p325 p2687 "
"XX";64;"p1261 p2687 "
"XX";64;"p2687 p2711 "
"XX";64;"p796 p2687 "
"XX";1;"p401 p633 "
"XX";6;"p1276 p2492 "
"XX";1;"p401 p1264 "
"XX";1;"p401 p883 "
"XX";6;"p506 p2492 "
"XX";3;"p633 p2262 "
"XX";1;"p401 p1491 "
"XX";1;"p401 p2691 "
"XX";1;"p401 p3008 "
"XX";1;"p401 p3035 "
"XX";1;"p401 p636 "
"XX";6;"p608 p2492 "
"XX";6;"p909 p2492 "
"XX";6;"p1281 p2492 "
"XX";6;"p1536 p2492 "
"XX";6;"p1493 p2492 "
"XX";4;"p779 p1281 "
"XX";4;"p779 p1536 "
"XX";1;"p401 p1493 "
"XX";6;"p1491 p2492 "
"XX";6;"p2492 p2691 "
"XX";6;"p2492 p3008 "
"XX";6;"p2492 p3035 "
"XX";6;"p636 p2492 "
"XX";1;"p633 p1113 "
"XX";6;"p1264 p2492 "
"XX";6;"p883 p2492 "
"XX";1;"p1198 p1276 "
"XX";2;"p401 p1281 "
"XX";2;"p401 p1536 "
"XX";3;"p482 p633 "
"XX";1;"p633 p708 "
"XX";3;"p1264 p2262 "
"XX";3;"p883 p2262 "
"XX";3;"p1491 p2262 "
"XX";3;"p2262 p2691 "
"XX";3;"p2262 p3008 "
"XX";3;"p2262 p3035 "
"XX";3;"p636 p2262 "
"XX";2;"p633 p1194 "
"XX";2;"p401 p608 "
"XX";2;"p401 p909 "
"XX";3;"p633 p872 "
"XX";2;"p401 p506 "
"XX";1;"p633 p3381 "
"XX";1;"p506 p1198 "
"XX";6;"p633 p2492 "
"XX";1;"p608 p1198 "
"XX";1;"p909 p1198 "
"XX";2;"p1276 p3381 "
"XX";3;"p1493 p2262 "
"XX";3;"p1281 p2262 "
"XX";3;"p1536 p2262 "
"XX";2;"p401 p1276 "
"XX";1;"p1248 p1276 "
"XX";2;"p1194 p1276 "
"XX";3;"p872 p1276 "
"XX";3;"p482 p1264 "
"XX";3;"p482 p883 "
"XX";2;"p1198 p1281 "
"XX";2;"p1198 p1536 "
"XX";3;"p608 p2262 "
"XX";3;"p909 p2262 "
"XX";3;"p482 p1491 "
"XX";3;"p482 p2691 "
"XX";3;"p482 p3008 "
"XX";3;"p482 p3035 "
"XX";3;"p482 p636 "
"XX";5;"p708 p1276 "
"XX";2;"p1198 p1493 "
"XX";1;"p1113 p1276 "
"XX";2;"p506 p3381 "
"XX";3;"p506 p2262 "
"XX";1;"p708 p1264 "
"XX";1;"p708 p883 "
"XX";9;"p1113 p1264 "
"XX";9;"p883 p1113 "
"XX";2;"p608 p3381 "
"XX";2;"p909 p3381 "
"XX";1;"p636 p708 "
"XX";1;"p708 p1491 "
"XX";1;"p708 p2691 "
"XX";1;"p708 p3008 "
"XX";1;"p708 p3035 "
"XX";9;"p1113 p1491 "
"XX";9;"p1113 p2691 "
"XX";9;"p1113 p3008 "
"XX";9;"p1113 p3035 "
"XX";9;"p636 p1113 "
"XX";3;"p872 p1264 "
"XX";3;"p872 p883 "
"XX";3;"p1194 p1264 "
"XX";3;"p883 p1194 "
"XX";22;"p663 p1276 "
"XX";21;"p633 p663 "
"XX";22;"p506 p663 "
"XX";22;"p608 p663 "
"XX";22;"p663 p909 "
"XX";51;"p506 p779 "
"XX";51;"p608 p779 "
"XX";51;"p779 p909 "
"XX";3;"p506 p1061 "
"XX";3;"p482 p608 "
"XX";3;"p482 p909 "
"XX";3;"p1194 p1493 "
"XX";4;"p1248 p1493 "
"XX";4;"p872 p1493 "
"XX";16;"p1276 p2262 "
"XX";6;"p872 p1281 "
"XX";6;"p872 p1536 "
"XX";7;"p708 p1493 "
"XX";7;"p1194 p1281 "
"XX";7;"p1194 p1536 "
"XX";10;"p482 p506 "
"XX";10;"p608 p1061 "
"XX";10;"p909 p1061 "
"XX";9;"p608 p1113 "
"XX";9;"p909 p1113 "
"XX";8;"p1248 p1281 "
"XX";8;"p1248 p1536 "
"XX";9;"p708 p1281 "
"XX";9;"p708 p1536 "
"XX";16;"p506 p1113 "
"XX";18;"p1198 p1264 "
"XX";18;"p883 p1198 "
"XX";17;"p1491 p3381 "
"XX";17;"p2691 p3381 "
"XX";17;"p3008 p3381 "
"XX";17;"p3035 p3381 "
"XX";17;"p636 p3381 "
"XX";18;"p1493 p3381 "
"XX";28;"p1061 p1276 "
"XX";22;"p1198 p1491 "
"XX";22;"p1198 p2691 "
"XX";22;"p1198 p3008 "
"XX";22;"p1198 p3035 "
"XX";22;"p636 p1198 "
"XX";21;"p1264 p3381 "
"XX";21;"p883 p3381 "
"XX";21;"p1281 p3381 "
"XX";21;"p1536 p3381 "
"XX";22;"p636 p663 "
"XX";22;"p663 p1491 "
"XX";22;"p663 p2691 "
"XX";22;"p663 p3008 "
"XX";22;"p663 p3035 "
"XX";24;"p482 p1281 "
"XX";24;"p482 p1536 "
"XX";34;"p482 p1276 "
"XX";27;"p608 p1248 "
"XX";27;"p608 p872 "
"XX";27;"p872 p909 "
"XX";27;"p909 p1248 "
"XX";26;"p663 p1264 "
"XX";26;"p663 p883 "
"XX";28;"p608 p708 "
"XX";28;"p708 p909 "
"XX";28;"p482 p1493 "
"XX";28;"p608 p1194 "
"XX";28;"p909 p1194 "
"XX";30;"p506 p1248 "
"XX";31;"p1061 p1281 "
"XX";31;"p1061 p1536 "
"XX";30;"p1113 p1281 "
"XX";30;"p1113 p1536 "
"XX";33;"p1061 p1493 "
"XX";34;"p506 p872 "
"XX";35;"p506 p708 "
"XX";35;"p506 p1194 "
"XX";34;"p1113 p1493 "
"XX";34;"p1194 p1491 "
"XX";34;"p1194 p2691 "
"XX";34;"p1194 p3008 "
"XX";34;"p1194 p3035 "
"XX";34;"p636 p1194 "
"XX";35;"p636 p872 "
"XX";35;"p872 p1491 "
"XX";35;"p872 p2691 "
"XX";35;"p872 p3008 "
"XX";35;"p872 p3035 "
"XX";50;"p663 p1493 "
"XX";54;"p663 p1281 "
"XX";54;"p663 p1536 "
"XX";1;"p501 p2238 "
"XX";1;"p501 p3122 "
"XX";1;"p501 p2711 "
"XX";1;"p325 p501 "
"XX";1;"p501 p1261 "
"XX";3;"p1493 p2860 "
"XX";3;"p1281 p2860 "
"XX";3;"p1536 p2860 "
"XX";1;"p501 p926 "
"XX";2;"p2068 p3375 "
"XX";1;"p2068 p2870 "
"XX";2;"p882 p2068 "
"XX";2;"p1064 p3375 "
"XX";1;"p2068 p3380 "
"XX";1;"p2068 p2783 "
"XX";1;"p1238 p3375 "
"XX";1;"p1285 p3375 "
"XX";3;"p633 p2860 "
"XX";2;"p1276 p1460 "
"XX";2;"p269 p2068 "
"XX";2;"p81 p2068 "
"XX";2;"p1343 p2068 "
"XX";1;"p882 p2212 "
"XX";3;"p1064 p2870 "
"XX";3;"p926 p3375 "
"XX";3;"p1020 p2068 "
"XX";1;"p2068 p3073 "
"XX";2;"p506 p1460 "
"XX";1;"p882 p2874 "
"XX";1;"p988 p1276 "
"XX";2;"p2240 p3375 "
"XX";2;"p608 p1460 "
"XX";2;"p909 p1460 "
"XX";2;"p2687 p3375 "
"XX";2;"p375 p633 "
"XX";1;"p8 p882 "
"XX";2;"p2131 p3375 "
"XX";2;"p1954 p3375 "
"XX";2;"p2546 p3375 "
"XX";2;"p757 p3375 "
"XX";3;"p633 p1516 "
"XX";3;"p1064 p3380 "
"XX";3;"p1064 p2783 "
"XX";2;"p882 p2238 "
"XX";1;"p1238 p2870 "
"XX";1;"p1285 p2870 "
"XX";3;"p1216 p3375 "
"XX";3;"p1261 p3375 "
"XX";3;"p2711 p3375 "
"XX";3;"p325 p3375 "
"XX";3;"p3122 p3375 "
"XX";1;"p343 p2238 "
"XX";3;"p2743 p3375 "
"XX";14;"p343 p2068 "
"XX";4;"p2068 p3163 "
"XX";2;"p8 p3375 "
"XX";1;"p757 p882 "
"XX";1;"p882 p2546 "
"XX";1;"p882 p2743 "
"XX";2;"p1281 p1460 "
"XX";2;"p1460 p1536 "
"XX";3;"p186 p633 "
"XX";1;"p882 p1954 "
"XX";2;"p879 p1064 "
"XX";4;"p633 p2859 "
"XX";1;"p882 p1216 "
"XX";1;"p882 p2131 "
"XX";2;"p2874 p3375 "
"XX";1;"p882 p2687 "
"XX";8;"p1264 p2860 "
"XX";8;"p883 p2860 "
"XX";2;"p1460 p1493 "
"XX";2;"p633 p902 "
"XX";2;"p81 p1064 "
"XX";3;"p269 p1064 "
"XX";1;"p882 p2240 "
"XX";8;"p1491 p2860 "
"XX";8;"p2691 p2860 "
"XX";8;"p2860 p3008 "
"XX";8;"p2860 p3035 "
"XX";8;"p636 p2860 "
"XX";3;"p2238 p3375 "
"XX";3;"p1064 p1343 "
"XX";2;"p882 p3122 "
"XX";2;"p882 p2711 "
"XX";8;"p2068 p2179 "
"XX";2;"p926 p2870 "
"XX";2;"p325 p882 "
"XX";2;"p882 p1261 "
"XX";3;"p796 p882 "
"XX";1;"p343 p3122 "
"XX";1;"p343 p2711 "
"XX";1;"p325 p343 "
"XX";1;"p343 p1261 "
"XX";2;"p2212 p3375 "
"XX";5;"p1020 p1064 "
"XX";3;"p1276 p3017 "
"XX";20;"p1276 p2860 "
"XX";2;"p2179 p2212 "
"XX";1;"p1238 p3380 "
"XX";1;"p1285 p3380 "
"XX";1;"p1238 p2783 "
"XX";1;"p1285 p2783 "
"XX";2;"p501 p1064 "
"XX";13;"p785 p2068 "
"XX";1;"p1161 p2238 "
"XX";28;"p501 p1795 "
"XX";1;"p630 p633 "
"XX";20;"p506 p2860 "
"XX";2;"p1064 p3073 "
"XX";20;"p608 p2860 "
"XX";20;"p909 p2860 "
"XX";2;"p1460 p1491 "
"XX";2;"p1460 p2691 "
"XX";2;"p1460 p3008 "
"XX";2;"p1460 p3035 "
"XX";2;"p636 p1460 "
"XX";1;"p785 p2238 "
"XX";2;"p633 p3017 "
"XX";2;"p1264 p1460 "
"XX";2;"p883 p1460 "
"XX";4;"p2212 p3163 "
"XX";23;"p1125 p2068 "
"XX";20;"p1161 p2068 "
"XX";2;"p785 p1064 "
"XX";3;"p1264 p1516 "
"XX";3;"p883 p1516 "
"XX";1;"p2687 p2870 "
"XX";2;"p375 p1264 "
"XX";2;"p375 p883 "
"XX";2;"p882 p926 "
"XX";2;"p2179 p2874 "
"XX";2;"p2240 p2870 "
"XX";2;"p796 p2870 "
"XX";2;"p926 p3380 "
"XX";4;"p1064 p2179 "
"XX";2;"p1064 p1161 "
"XX";17;"p633 p1025 "
"XX";3;"p1491 p1516 "
"XX";3;"p1516 p2691 "
"XX";3;"p1516 p3008 "
"XX";3;"p1516 p3035 "
"XX";3;"p636 p1516 "
"XX";2;"p902 p1276 "
"XX";1;"p2238 p3073 "
"XX";2;"p2131 p2870 "
"XX";2;"p375 p1491 "
"XX";2;"p375 p2691 "
"XX";2;"p375 p3008 "
"XX";2;"p375 p3035 "
"XX";2;"p375 p636 "
"XX";2;"p1954 p2870 "
"XX";2;"p926 p2783 "
"XX";2;"p8 p2179 "
"XX";3;"p2179 p2238 "
"XX";3;"p1261 p2870 "
"XX";3;"p2711 p2870 "
"XX";3;"p325 p2870 "
"XX";15;"p506 p988 "
"XX";3;"p506 p3017 "
"XX";3;"p1216 p2870 "
"XX";6;"p1064 p3163 "
"XX";2;"p757 p2870 "
"XX";3;"p2870 p3122 "
"XX";2;"p269 p1238 "
"XX";2;"p269 p1285 "
"XX";1;"p343 p926 "
"XX";3;"p2546 p2870 "
"XX";3;"p2743 p2870 "
"XX";2;"p879 p1238 "
"XX";2;"p879 p1285 "
"XX";15;"p608 p988 "
"XX";15;"p909 p988 "
"XX";1;"p1161 p3122 "
"XX";1;"p81 p1238 "
"XX";1;"p81 p1285 "
"XX";1;"p1161 p2711 "
"XX";1;"p796 p1161 "
"XX";1;"p879 p2212 "
"XX";1;"p1343 p2212 "
"XX";1;"p1161 p1261 "
"XX";1;"p325 p1161 "
"XX";2;"p1238 p1343 "
"XX";2;"p1285 p1343 "
"XX";3;"p608 p3017 "
"XX";3;"p909 p3017 "
"XX";4;"p2874 p3163 "
"XX";2;"p882 p1238 "
"XX";2;"p882 p1285 "
"XX";3;"p1161 p2687 "
"XX";1;"p785 p2687 "
"XX";1;"p269 p2212 "
"XX";1;"p785 p3122 "
"XX";3;"p1020 p1238 "
"XX";3;"p1020 p1285 "
"XX";5;"p2238 p3163 "
"XX";1;"p785 p1261 "
"XX";1;"p785 p2711 "
"XX";4;"p8 p3163 "
"XX";6;"p1264 p2859 "
"XX";6;"p883 p2859 "
"XX";3;"p186 p1264 "
"XX";3;"p186 p883 "
"XX";1;"p325 p785 "
"XX";1;"p506 p734 "
"XX";2;"p785 p796 "
"XX";6;"p1491 p2859 "
"XX";6;"p2691 p2859 "
"XX";6;"p2859 p3008 "
"XX";6;"p2859 p3035 "
"XX";6;"p636 p2859 "
"XX";3;"p1020 p2212 "
"XX";2;"p2179 p2546 "
"XX";2;"p2179 p2743 "
"XX";2;"p757 p2179 "
"XX";3;"p186 p1491 "
"XX";3;"p186 p2691 "
"XX";3;"p186 p3008 "
"XX";3;"p186 p3035 "
"XX";3;"p186 p636 "
"XX";15;"p988 p1281 "
"XX";15;"p988 p1536 "
"XX";11;"p186 p1276 "
"XX";2;"p1954 p2179 "
"XX";1;"p2546 p3073 "
"XX";1;"p2743 p3073 "
"XX";2;"p1216 p2179 "
"XX";2;"p2131 p2179 "
"XX";2;"p883 p902 "
"XX";2;"p902 p1264 "
"XX";16;"p988 p1493 "
"XX";2;"p2179 p2687 "
"XX";1;"p1954 p3073 "
"XX";30;"p1795 p3375 "
"XX";3;"p269 p926 "
"XX";2;"p2179 p2240 "
"XX";3;"p2179 p3122 "
"XX";2;"p636 p902 "
"XX";2;"p902 p1491 "
"XX";2;"p902 p2691 "
"XX";2;"p902 p3008 "
"XX";2;"p902 p3035 "
"XX";3;"p2179 p2711 "
"XX";3;"p879 p926 "
"XX";3;"p1261 p2179 "
"XX";3;"p325 p2179 "
"XX";4;"p796 p2179 "
"XX";4;"p2546 p3163 "
"XX";4;"p2743 p3163 "
"XX";4;"p757 p3163 "
"XX";4;"p1491 p2822 "
"XX";4;"p2691 p2822 "
"XX";4;"p2822 p3008 "
"XX";4;"p2822 p3035 "
"XX";4;"p636 p2822 "
"XX";4;"p1281 p3017 "
"XX";4;"p1536 p3017 "
"XX";25;"p1064 p1125 "
"XX";17;"p1025 p1264 "
"XX";17;"p883 p1025 "
"XX";17;"p1025 p1491 "
"XX";17;"p1025 p2691 "
"XX";17;"p1025 p3008 "
"XX";17;"p1025 p3035 "
"XX";17;"p636 p1025 "
"XX";16;"p630 p1281 "
"XX";16;"p630 p1536 "
"XX";9;"p8 p81 "
"XX";16;"p636 p988 "
"XX";16;"p988 p1491 "
"XX";16;"p988 p2691 "
"XX";16;"p988 p3008 "
"XX";16;"p988 p3035 "
"XX";29;"p882 p1795 "
"XX";17;"p630 p1493 "
"XX";16;"p883 p988 "
"XX";16;"p988 p1264 "
"XX";23;"p1125 p1238 "
"XX";23;"p1125 p1285 "
"XX";28;"p343 p1795 "
"XX";30;"p1795 p2870 "
"XX";24;"p1125 p2212 "
"XX";24;"p926 p1125 "
"XX";9;"p633 p1460 "
"XX";10;"p882 p1064 "
"XX";3;"p1161 p1238 "
"XX";3;"p1161 p1285 "
"XX";3;"p2783 p2874 "
"XX";3;"p2874 p3380 "
"XX";3;"p2238 p2783 "
"XX";3;"p2238 p3380 "
"XX";4;"p506 p1516 "
"XX";5;"p375 p506 "
"XX";3;"p269 p2546 "
"XX";3;"p269 p2743 "
"XX";3;"p269 p757 "
"XX";3;"p269 p1954 "
"XX";5;"p375 p608 "
"XX";5;"p375 p909 "
"XX";3;"p1261 p1343 "
"XX";3;"p1343 p2711 "
"XX";3;"p325 p1343 "
"XX";3;"p796 p1343 "
"XX";3;"p81 p796 "
"XX";4;"p1491 p3017 "
"XX";4;"p2691 p3017 "
"XX";4;"p3008 p3017 "
"XX";4;"p3017 p3035 "
"XX";4;"p636 p3017 "
"XX";4;"p902 p1281 "
"XX";4;"p902 p1536 "
"XX";4;"p269 p2131 "
"XX";4;"p879 p1216 "
"XX";4;"p879 p2131 "
"XX";4;"p1020 p1261 "
"XX";4;"p1020 p2711 "
"XX";4;"p1216 p1343 "
"XX";4;"p1343 p2131 "
"XX";4;"p325 p1020 "
"XX";4;"p879 p3122 "
"XX";4;"p1343 p3122 "
"XX";6;"p608 p2859 "
"XX";6;"p909 p2859 "
"XX";5;"p1020 p1216 "
"XX";5;"p1020 p2131 "
"XX";5;"p1020 p3122 "
"XX";5;"p325 p879 "
"XX";5;"p796 p879 "
"XX";5;"p879 p1261 "
"XX";5;"p879 p2711 "
"XX";5;"p81 p1261 "
"XX";5;"p81 p2711 "
"XX";5;"p81 p325 "
"XX";6;"p269 p1216 "
"XX";6;"p269 p3122 "
"XX";6;"p902 p1493 "
"XX";6;"p796 p1020 "
"XX";6;"p81 p1216 "
"XX";6;"p81 p2131 "
"XX";6;"p81 p3122 "
"XX";7;"p926 p3073 "
"XX";7;"p757 p879 "
"XX";7;"p879 p2546 "
"XX";7;"p879 p2743 "
"XX";7;"p1343 p2546 "
"XX";7;"p1343 p2743 "
"XX";7;"p269 p1261 "
"XX";7;"p269 p2240 "
"XX";7;"p269 p2711 "
"XX";7;"p269 p325 "
"XX";7;"p269 p796 "
"XX";7;"p757 p1343 "
"XX";7;"p879 p1954 "
"XX";7;"p1343 p1954 "
"XX";15;"p2212 p2870 "
"XX";8;"p1264 p3017 "
"XX";8;"p883 p3017 "
"XX";9;"p926 p3163 "
"XX";8;"p1020 p2546 "
"XX";8;"p1020 p2743 "
"XX";8;"p757 p1020 "
"XX";8;"p1020 p1954 "
"XX";11;"p608 p1516 "
"XX";11;"p909 p1516 "
"XX";24;"p343 p1064 "
"XX";9;"p81 p2546 "
"XX";9;"p81 p2743 "
"XX";9;"p81 p757 "
"XX";9;"p81 p1954 "
"XX";12;"p785 p1238 "
"XX";12;"p785 p1285 "
"XX";9;"p81 p2240 "
"XX";9;"p734 p1493 "
"XX";11;"p785 p926 "
"XX";13;"p506 p2859 "
"XX";11;"p1020 p2240 "
"XX";11;"p879 p2240 "
"XX";11;"p1343 p2240 "
"XX";14;"p1238 p2179 "
"XX";14;"p1285 p2179 "
"XX";13;"p926 p2179 "
"XX";17;"p608 p1025 "
"XX";17;"p909 p1025 "
"XX";13;"p734 p1281 "
"XX";13;"p734 p1536 "
"XX";17;"p8 p2783 "
"XX";17;"p8 p3380 "
"XX";21;"p2212 p2783 "
"XX";21;"p2212 p3380 "
"XX";16;"p1281 p2822 "
"XX";16;"p1536 p2822 "
"XX";17;"p186 p1493 "
"XX";23;"p506 p1025 "
"XX";20;"p926 p1161 "
"XX";27;"p343 p1238 "
"XX";27;"p343 p1285 "
"XX";20;"p1238 p3073 "
"XX";20;"p1285 p3073 "
"XX";32;"p633 p988 "
"XX";27;"p1276 p1516 "
"XX";19;"p186 p1281 "
"XX";19;"p186 p1536 "
"XX";23;"p1238 p3163 "
"XX";23;"p1285 p3163 "
"XX";20;"p1493 p2822 "
"XX";22;"p2546 p3380 "
"XX";22;"p757 p2783 "
"XX";22;"p757 p3380 "
"XX";30;"p375 p1276 "
"XX";24;"p2546 p2783 "
"XX";24;"p269 p2874 "
"XX";24;"p2743 p2783 "
"XX";24;"p2743 p3380 "
"XX";24;"p1954 p2783 "
"XX";24;"p1954 p3380 "
"XX";24;"p269 p2238 "
"XX";32;"p2870 p2874 "
"XX";33;"p1025 p1276 "
"XX";25;"p608 p902 "
"XX";25;"p902 p909 "
"XX";25;"p2131 p2783 "
"XX";25;"p2131 p3380 "
"XX";25;"p608 p2822 "
"XX";25;"p909 p2822 "
"XX";26;"p375 p1281 "
"XX";26;"p375 p1536 "
"XX";34;"p2238 p2870 "
"XX";25;"p1125 p1261 "
"XX";25;"p1125 p2711 "
"XX";25;"p325 p1125 "
"XX";25;"p796 p1125 "
"XX";27;"p1216 p2783 "
"XX";27;"p1216 p3380 "
"XX";27;"p1281 p2859 "
"XX";27;"p1536 p2859 "
"XX";27;"p2783 p3122 "
"XX";27;"p3122 p3380 "
"XX";26;"p1125 p3122 "
"XX";26;"p1125 p1216 "
"XX";26;"p1125 p2131 "
"XX";28;"p630 p1264 "
"XX";28;"p630 p883 "
"XX";28;"p879 p2874 "
"XX";36;"p8 p2870 "
"XX";28;"p1261 p2783 "
"XX";28;"p1261 p3380 "
"XX";28;"p1343 p2874 "
"XX";28;"p2240 p2783 "
"XX";28;"p2240 p3380 "
"XX";28;"p2711 p2783 "
"XX";28;"p2711 p3380 "
"XX";28;"p325 p2783 "
"XX";28;"p325 p3380 "
"XX";28;"p796 p2783 "
"XX";28;"p796 p3380 "
"XX";28;"p879 p2238 "
"XX";28;"p1343 p2238 "
"XX";29;"p1020 p2874 "
"XX";29;"p1020 p2238 "
"XX";30;"p375 p1493 "
"XX";38;"p1276 p2859 "
"XX";31;"p506 p902 "
"XX";30;"p81 p2874 "
"XX";30;"p81 p2238 "
"XX";29;"p1125 p2546 "
"XX";29;"p1125 p2743 "
"XX";29;"p757 p1125 "
"XX";29;"p1125 p1954 "
"XX";32;"p1281 p1516 "
"XX";32;"p1516 p1536 "
"XX";32;"p506 p2822 "
"XX";31;"p1493 p2859 "
"XX";30;"p269 p1795 "
"XX";32;"p630 p1491 "
"XX";32;"p630 p2691 "
"XX";32;"p630 p3008 "
"XX";32;"p630 p3035 "
"XX";32;"p630 p636 "
"XX";32;"p2240 p3073 "
"XX";32;"p2687 p3073 "
"XX";34;"p608 p734 "
"XX";34;"p734 p909 "
"XX";33;"p325 p3073 "
"XX";33;"p1343 p1795 "
"XX";33;"p1125 p2240 "
"XX";38;"p1025 p1281 "
"XX";38;"p1025 p1536 "
"XX";36;"p1493 p1516 "
"XX";34;"p636 p734 "
"XX";34;"p734 p1491 "
"XX";34;"p734 p2691 "
"XX";34;"p734 p3008 "
"XX";34;"p734 p3035 "
"XX";34;"p2240 p3163 "
"XX";34;"p1261 p3073 "
"XX";34;"p2711 p3073 "
"XX";34;"p81 p1795 "
"XX";34;"p879 p1795 "
"XX";34;"p1020 p1795 "
"XX";35;"p325 p3163 "
"XX";35;"p3073 p3122 "
"XX";35;"p1216 p3073 "
"XX";35;"p2131 p3073 "
"XX";35;"p1493 p3017 "
"XX";36;"p81 p926 "
"XX";38;"p2687 p2783 "
"XX";38;"p8 p269 "
"XX";36;"p1261 p3163 "
"XX";36;"p2711 p3163 "
"XX";36;"p2687 p3163 "
"XX";36;"p796 p3163 "
"XX";36;"p796 p3073 "
"XX";40;"p186 p608 "
"XX";40;"p186 p909 "
"XX";37;"p926 p1343 "
"XX";37;"p3122 p3163 "
"XX";37;"p1216 p3163 "
"XX";37;"p2131 p3163 "
"XX";37;"p1795 p3073 "
"XX";42;"p1025 p1493 "
"XX";38;"p734 p1264 "
"XX";38;"p734 p883 "
"XX";40;"p2687 p3380 "
"XX";38;"p926 p1020 "
"XX";38;"p1954 p3163 "
"XX";39;"p1795 p3163 "
"XX";41;"p8 p1343 "
"XX";42;"p8 p879 "
"XX";43;"p8 p1020 "
"XX";47;"p186 p506 "
"XX";43;"p1795 p2179 "
"XX";48;"p785 p1795 "
"XX";50;"p1125 p2874 "
"XX";50;"p1125 p2238 "
"XX";50;"p1795 p2783 "
"XX";51;"p1795 p3380 "
"XX";55;"p1161 p1795 "
"XX";56;"p1125 p1795 "
"XX";61;"p269 p2687 "
"XX";63;"p81 p2687 "
"XX";64;"p1343 p2687 "
"XX";64;"p8 p1125 "
"XX";65;"p1020 p2687 "
"XX";65;"p879 p2687 "
"XX";87;"p1125 p2687 "
"XX";3;"p633 p3313 "
"XX";2;"p1276 p3313 "
"XX";2;"p506 p3313 "
"XX";2;"p608 p3313 "
"XX";2;"p909 p3313 "
"XX";1;"p633 p3118 "
"XX";3;"p633 p773 "
"XX";5;"p633 p1164 "
"XX";19;"p1264 p3313 "
"XX";19;"p883 p3313 "
"XX";23;"p1491 p3313 "
"XX";23;"p2691 p3313 "
"XX";23;"p3008 p3313 "
"XX";23;"p3035 p3313 "
"XX";23;"p636 p3313 "
"XX";23;"p1281 p3313 "
"XX";23;"p1536 p3313 "
"XX";3;"p773 p1276 "
"XX";1;"p1264 p3118 "
"XX";1;"p883 p3118 "
"XX";27;"p1493 p3313 "
"XX";2;"p1276 p3118 "
"XX";1;"p1491 p3118 "
"XX";1;"p2691 p3118 "
"XX";1;"p3008 p3118 "
"XX";1;"p3035 p3118 "
"XX";1;"p636 p3118 "
"XX";5;"p1164 p1276 "
"XX";3;"p773 p1264 "
"XX";3;"p773 p883 "
"XX";3;"p636 p773 "
"XX";3;"p773 p1491 "
"XX";3;"p773 p2691 "
"XX";3;"p773 p3008 "
"XX";3;"p773 p3035 "
"XX";5;"p1164 p1264 "
"XX";5;"p883 p1164 "
"XX";7;"p773 p1493 "
"XX";8;"p1164 p1493 "
"XX";9;"p773 p1281 "
"XX";9;"p773 p1536 "
"XX";11;"p1164 p1281 "
"XX";11;"p1164 p1536 "
"XX";12;"p1281 p3118 "
"XX";12;"p1536 p3118 "
"XX";16;"p1493 p3118 "
"XX";23;"p608 p773 "
"XX";23;"p773 p909 "
"XX";27;"p608 p1164 "
"XX";27;"p909 p1164 "
"XX";29;"p506 p773 "
"XX";30;"p506 p1164 "
"XX";31;"p608 p3118 "
"XX";31;"p909 p3118 "
"XX";36;"p506 p3118 "
"XX";39;"p1164 p1491 "
"XX";39;"p1164 p2691 "
"XX";39;"p1164 p3008 "
"XX";39;"p1164 p3035 "
"XX";39;"p636 p1164 "
"XX";1;"p401 p2068 "
"XX";2;"p779 p1064 "
"XX";3;"p2068 p2262 "
"XX";1;"p779 p926 "
"XX";6;"p2068 p2492 "
"XX";3;"p401 p1064 "
"XX";1;"p401 p1238 "
"XX";1;"p401 p1285 "
"XX";1;"p708 p2068 "
"XX";6;"p2212 p2492 "
"XX";1;"p779 p796 "
"XX";1;"p779 p1216 "
"XX";3;"p482 p2068 "
"XX";1;"p325 p779 "
"XX";1;"p779 p1261 "
"XX";1;"p779 p2711 "
"XX";6;"p2492 p2874 "
"XX";6;"p8 p2492 "
"XX";2;"p779 p2131 "
"XX";2;"p779 p3122 "
"XX";1;"p2068 p3381 "
"XX";2;"p401 p926 "
"XX";7;"p2238 p2492 "
"XX";6;"p2492 p2546 "
"XX";6;"p2492 p2743 "
"XX";6;"p757 p2492 "
"XX";5;"p1064 p2262 "
"XX";6;"p1954 p2492 "
"XX";6;"p1216 p2492 "
"XX";6;"p2131 p2492 "
"XX";6;"p2492 p2687 "
"XX";3;"p872 p2068 "
"XX";6;"p2240 p2492 "
"XX";6;"p796 p2492 "
"XX";3;"p1194 p2068 "
"XX";9;"p779 p2212 "
"XX";4;"p779 p2240 "
"XX";2;"p1061 p1064 "
"XX";7;"p2492 p3122 "
"XX";7;"p2492 p2711 "
"XX";4;"p779 p1954 "
"XX";7;"p1261 p2492 "
"XX";7;"p325 p2492 "
"XX";4;"p779 p2546 "
"XX";4;"p779 p2743 "
"XX";5;"p757 p779 "
"XX";2;"p401 p2240 "
"XX";2;"p401 p796 "
"XX";9;"p1113 p2068 "
"XX";2;"p401 p2687 "
"XX";3;"p1238 p2262 "
"XX";3;"p1285 p2262 "
"XX";7;"p926 p2492 "
"XX";2;"p325 p401 "
"XX";2;"p401 p1261 "
"XX";2;"p401 p2711 "
"XX";2;"p401 p2131 "
"XX";2;"p401 p1954 "
"XX";2;"p401 p757 "
"XX";3;"p1064 p1113 "
"XX";6;"p1238 p2492 "
"XX";6;"p1285 p2492 "
"XX";3;"p401 p1216 "
"XX";3;"p401 p3122 "
"XX";2;"p1064 p1248 "
"XX";3;"p401 p2546 "
"XX";3;"p401 p2743 "
"XX";5;"p482 p1064 "
"XX";3;"p708 p1064 "
"XX";1;"p1198 p2212 "
"XX";2;"p8 p401 "
"XX";4;"p926 p2262 "
"XX";2;"p401 p2874 "
"XX";4;"p1064 p1194 "
"XX";3;"p401 p2238 "
"XX";5;"p872 p1064 "
"XX";3;"p1064 p3381 "
"XX";1;"p1198 p2874 "
"XX";2;"p401 p2212 "
"XX";1;"p8 p1198 "
"XX";8;"p1064 p2492 "
"XX";3;"p2240 p2262 "
"XX";3;"p796 p2262 "
"XX";2;"p1198 p2238 "
"XX";1;"p926 p1061 "
"XX";3;"p2131 p2262 "
"XX";3;"p1954 p2262 "
"XX";3;"p482 p1238 "
"XX";3;"p482 p1285 "
"XX";3;"p2262 p2687 "
"XX";4;"p1261 p2262 "
"XX";4;"p2262 p2711 "
"XX";4;"p325 p2262 "
"XX";3;"p757 p2262 "
"XX";4;"p1216 p2262 "
"XX";4;"p2262 p3122 "
"XX";4;"p2262 p2546 "
"XX";4;"p2262 p2743 "
"XX";20;"p1198 p2068 "
"XX";4;"p1113 p1238 "
"XX";4;"p1113 p1285 "
"XX";1;"p708 p1238 "
"XX";1;"p708 p1285 "
"XX";2;"p2212 p3381 "
"XX";2;"p1064 p1198 "
"XX";2;"p1198 p2546 "
"XX";2;"p1198 p2743 "
"XX";2;"p757 p1198 "
"XX";3;"p8 p2262 "
"XX";1;"p1198 p2687 "
"XX";2;"p1198 p1954 "
"XX";2;"p1198 p1216 "
"XX";2;"p1198 p2131 "
"XX";4;"p482 p926 "
"XX";3;"p2262 p2874 "
"XX";21;"p663 p2068 "
"XX";2;"p1198 p2240 "
"XX";4;"p2238 p2262 "
"XX";3;"p1198 p3122 "
"XX";3;"p872 p1238 "
"XX";3;"p872 p1285 "
"XX";3;"p1194 p1238 "
"XX";3;"p1194 p1285 "
"XX";3;"p1198 p2711 "
"XX";3;"p796 p1198 "
"XX";2;"p1194 p2212 "
"XX";3;"p1198 p1261 "
"XX";3;"p325 p1198 "
"XX";3;"p1248 p2212 "
"XX";3;"p872 p2212 "
"XX";34;"p1795 p2492 "
"XX";32;"p779 p1795 "
"XX";1;"p926 p1248 "
"XX";2;"p2874 p3381 "
"XX";2;"p708 p926 "
"XX";1;"p1238 p3381 "
"XX";1;"p1285 p3381 "
"XX";1;"p1061 p2240 "
"XX";10;"p926 p1113 "
"XX";5;"p708 p2212 "
"XX";3;"p2238 p3381 "
"XX";30;"p401 p1795 "
"XX";4;"p872 p926 "
"XX";4;"p926 p1194 "
"XX";23;"p663 p1064 "
"XX";11;"p8 p3381 "
"XX";28;"p1795 p2262 "
"XX";22;"p663 p2212 "
"XX";22;"p663 p2874 "
"XX";23;"p663 p2238 "
"XX";22;"p8 p663 "
"XX";51;"p779 p2687 "
"XX";51;"p779 p2874 "
"XX";51;"p8 p779 "
"XX";31;"p708 p2687 "
"XX";52;"p779 p2238 "
"XX";2;"p1198 p1238 "
"XX";2;"p1198 p1285 "
"XX";4;"p482 p2874 "
"XX";4;"p482 p2238 "
"XX";4;"p872 p1216 "
"XX";4;"p872 p2131 "
"XX";4;"p872 p3122 "
"XX";4;"p1194 p1261 "
"XX";4;"p1194 p2711 "
"XX";4;"p325 p1194 "
"XX";4;"p796 p1194 "
"XX";5;"p1248 p1261 "
"XX";5;"p1248 p2711 "
"XX";5;"p325 p1248 "
"XX";5;"p325 p872 "
"XX";5;"p796 p872 "
"XX";5;"p872 p1261 "
"XX";5;"p872 p2711 "
"XX";5;"p1194 p1216 "
"XX";5;"p1194 p2131 "
"XX";5;"p1194 p3122 "
"XX";6;"p1216 p1248 "
"XX";6;"p1248 p2131 "
"XX";6;"p1248 p3122 "
"XX";7;"p708 p1216 "
"XX";7;"p708 p2131 "
"XX";7;"p757 p872 "
"XX";7;"p872 p2546 "
"XX";7;"p872 p2743 "
"XX";7;"p708 p3122 "
"XX";7;"p872 p1954 "
"XX";7;"p796 p1248 "
"XX";8;"p325 p708 "
"XX";8;"p708 p1261 "
"XX";8;"p708 p2711 "
"XX";8;"p708 p796 "
"XX";11;"p1061 p2874 "
"XX";8;"p1194 p2546 "
"XX";8;"p1194 p2743 "
"XX";8;"p757 p1194 "
"XX";8;"p1194 p1954 "
"XX";11;"p1061 p2238 "
"XX";10;"p1113 p2874 "
"XX";10;"p1113 p2238 "
"XX";9;"p1248 p2546 "
"XX";9;"p1248 p2743 "
"XX";9;"p757 p1248 "
"XX";9;"p1248 p1954 "
"XX";10;"p708 p2546 "
"XX";10;"p708 p2743 "
"XX";10;"p708 p757 "
"XX";10;"p708 p1954 "
"XX";13;"p8 p1061 "
"XX";11;"p872 p2240 "
"XX";12;"p1194 p2240 "
"XX";13;"p1248 p2240 "
"XX";14;"p708 p2240 "
"XX";18;"p8 p482 "
"XX";29;"p2212 p2262 "
"XX";21;"p482 p2212 "
"XX";19;"p926 p1198 "
"XX";16;"p2240 p3381 "
"XX";19;"p1216 p3381 "
"XX";19;"p2131 p3381 "
"XX";19;"p1261 p3381 "
"XX";19;"p2711 p3381 "
"XX";19;"p3122 p3381 "
"XX";19;"p325 p3381 "
"XX";20;"p2546 p3381 "
"XX";20;"p1954 p3381 "
"XX";20;"p796 p3381 "
"XX";23;"p482 p757 "
"XX";29;"p1061 p2212 "
"XX";24;"p8 p1113 "
"XX";22;"p926 p3381 "
"XX";22;"p2743 p3381 "
"XX";22;"p757 p3381 "
"XX";28;"p1113 p2212 "
"XX";25;"p482 p2546 "
"XX";25;"p482 p2743 "
"XX";25;"p482 p1954 "
"XX";26;"p482 p2131 "
"XX";28;"p1248 p2874 "
"XX";28;"p482 p1216 "
"XX";28;"p872 p2874 "
"XX";28;"p1248 p2238 "
"XX";28;"p482 p3122 "
"XX";28;"p872 p2238 "
"XX";27;"p663 p926 "
"XX";29;"p708 p2874 "
"XX";29;"p708 p2238 "
"XX";30;"p757 p1061 "
"XX";29;"p325 p482 "
"XX";29;"p482 p1261 "
"XX";29;"p482 p2240 "
"XX";29;"p482 p2711 "
"XX";29;"p482 p796 "
"XX";29;"p1194 p2874 "
"XX";29;"p757 p1113 "
"XX";29;"p1194 p2238 "
"XX";31;"p1061 p2131 "
"XX";32;"p1061 p2546 "
"XX";32;"p1061 p2743 "
"XX";32;"p1061 p1954 "
"XX";31;"p1113 p2546 "
"XX";31;"p1113 p2743 "
"XX";31;"p1113 p1954 "
"XX";33;"p1061 p1216 "
"XX";33;"p1061 p3122 "
"XX";32;"p1113 p2131 "
"XX";34;"p1061 p2687 "
"XX";34;"p1061 p1261 "
"XX";34;"p1061 p2711 "
"XX";34;"p325 p1061 "
"XX";34;"p796 p1061 "
"XX";34;"p1113 p1216 "
"XX";34;"p1113 p1261 "
"XX";34;"p1113 p3122 "
"XX";33;"p1795 p3381 "
"XX";35;"p1113 p2240 "
"XX";35;"p1113 p2711 "
"XX";35;"p325 p1113 "
"XX";35;"p796 p1113 "
"XX";34;"p872 p1795 "
"XX";35;"p1194 p1795 "
"XX";38;"p8 p1248 "
"XX";36;"p1248 p1795 "
"XX";37;"p708 p1795 "
"XX";41;"p482 p2687 "
"XX";42;"p8 p872 "
"XX";42;"p663 p1238 "
"XX";42;"p663 p1285 "
"XX";43;"p8 p708 "
"XX";43;"p8 p1194 "
"XX";47;"p1113 p2687 "
"XX";48;"p2687 p3381 "
"XX";49;"p663 p2240 "
"XX";50;"p325 p663 "
"XX";51;"p663 p1261 "
"XX";51;"p663 p2711 "
"XX";52;"p482 p1795 "
"XX";52;"p663 p1216 "
"XX";52;"p663 p2131 "
"XX";52;"p663 p3122 "
"XX";53;"p663 p1954 "
"XX";53;"p663 p796 "
"XX";54;"p663 p1795 "
"XX";54;"p663 p2687 "
"XX";55;"p663 p2546 "
"XX";55;"p663 p2743 "
"XX";55;"p663 p757 "
"XX";57;"p1198 p1795 "
"XX";59;"p1061 p1795 "
"XX";58;"p1113 p1795 "
"XX";61;"p1248 p2687 "
"XX";65;"p872 p2687 "
"XX";66;"p1194 p2687 "
"XX";1;"p501 p3380 "
"XX";1;"p501 p2783 "
"XX";1;"p269 p501 "
"XX";1;"p501 p1343 "
"XX";1;"p501 p2870 "
"XX";3;"p501 p1020 "
"XX";2;"p501 p2179 "
"XX";2;"p882 p3375 "
"XX";4;"p501 p3163 "
"XX";1;"p1161 p3375 "
"XX";2;"p785 p3375 "
"XX";2;"p3073 p3375 "
"XX";1;"p343 p2870 "
"XX";2;"p882 p2870 "
"XX";4;"p2179 p3375 "
"XX";4;"p3163 p3375 "
"XX";2;"p1343 p3375 "
"XX";2;"p501 p3375 "
"XX";3;"p879 p3375 "
"XX";2;"p882 p3380 "
"XX";2;"p882 p2783 "
"XX";1;"p343 p3380 "
"XX";1;"p1161 p2870 "
"XX";3;"p269 p3375 "
"XX";1;"p343 p2783 "
"XX";1;"p785 p2870 "
"XX";5;"p1020 p3375 "
"XX";2;"p633 p1487 "
"XX";3;"p2783 p3375 "
"XX";2;"p269 p882 "
"XX";3;"p3375 p3380 "
"XX";1;"p2870 p3073 "
"XX";3;"p879 p882 "
"XX";23;"p501 p1125 "
"XX";3;"p2179 p2870 "
"XX";3;"p882 p1343 "
"XX";3;"p81 p882 "
"XX";2;"p269 p343 "
"XX";1;"p343 p1343 "
"XX";2;"p343 p879 "
"XX";4;"p882 p1020 "
"XX";1;"p1161 p3380 "
"XX";1;"p1161 p2783 "
"XX";3;"p343 p1020 "
"XX";5;"p2870 p3163 "
"XX";1;"p785 p3380 "
"XX";1;"p785 p2783 "
"XX";3;"p2870 p3375 "
"XX";1;"p882 p3073 "
"XX";16;"p633 p3373 "
"XX";3;"p501 p882 "
"XX";2;"p81 p2870 "
"XX";10;"p1276 p3136 "
"XX";1;"p3073 p3380 "
"XX";1;"p785 p882 "
"XX";3;"p879 p2870 "
"XX";1;"p2783 p3073 "
"XX";3;"p1343 p2870 "
"XX";3;"p2179 p3380 "
"XX";3;"p2179 p2783 "
"XX";3;"p1276 p1487 "
"XX";3;"p269 p2870 "
"XX";3;"p882 p2179 "
"XX";5;"p882 p3163 "
"XX";2;"p269 p1161 "
"XX";2;"p882 p1161 "
"XX";2;"p879 p1161 "
"XX";5;"p1020 p2870 "
"XX";1;"p81 p1161 "
"XX";17;"p506 p927 "
"XX";5;"p3163 p3380 "
"XX";2;"p1161 p1343 "
"XX";24;"p1125 p3375 "
"XX";2;"p269 p785 "
"XX";2;"p343 p2179 "
"XX";4;"p343 p3163 "
"XX";5;"p2783 p3163 "
"XX";10;"p506 p3136 "
"XX";2;"p785 p879 "
"XX";3;"p1020 p1161 "
"XX";17;"p608 p927 "
"XX";17;"p909 p927 "
"XX";14;"p343 p501 "
"XX";2;"p785 p1343 "
"XX";2;"p81 p785 "
"XX";10;"p608 p3136 "
"XX";10;"p909 p3136 "
"XX";16;"p1264 p3373 "
"XX";16;"p883 p3373 "
"XX";3;"p785 p1020 "
"XX";2;"p1264 p1487 "
"XX";2;"p883 p1487 "
"XX";16;"p1491 p3373 "
"XX";16;"p2691 p3373 "
"XX";16;"p3008 p3373 "
"XX";16;"p3035 p3373 "
"XX";16;"p636 p3373 "
"XX";10;"p633 p3136 "
"XX";4;"p269 p2179 "
"XX";2;"p1487 p1491 "
"XX";2;"p1487 p2691 "
"XX";2;"p1487 p3008 "
"XX";2;"p1487 p3035 "
"XX";2;"p636 p1487 "
"XX";4;"p879 p2179 "
"XX";3;"p269 p3073 "
"XX";17;"p927 p1281 "
"XX";17;"p927 p1536 "
"XX";4;"p1343 p2179 "
"XX";4;"p81 p2179 "
"XX";5;"p1020 p2179 "
"XX";17;"p927 p1493 "
"XX";24;"p882 p1125 "
"XX";6;"p269 p3163 "
"XX";10;"p1281 p3136 "
"XX";10;"p1536 p3136 "
"XX";10;"p1493 p3136 "
"XX";23;"p343 p1125 "
"XX";26;"p1125 p2870 "
"XX";23;"p1125 p1161 "
"XX";32;"p1493 p3373 "
"XX";32;"p1281 p3373 "
"XX";32;"p1536 p3373 "
"XX";23;"p785 p1125 "
"XX";25;"p1125 p2179 "
"XX";4;"p2783 p3380 "
"XX";4;"p81 p1343 "
"XX";5;"p1020 p1343 "
"XX";6;"p3073 p3163 "
"XX";6;"p879 p1343 "
"XX";20;"p343 p882 "
"XX";7;"p1487 p1493 "
"XX";7;"p879 p1020 "
"XX";7;"p81 p1020 "
"XX";8;"p269 p879 "
"XX";8;"p269 p1343 "
"XX";8;"p81 p879 "
"XX";10;"p2179 p3073 "
"XX";9;"p269 p1020 "
"XX";10;"p81 p269 "
"XX";12;"p2179 p3163 "
"XX";11;"p1281 p1487 "
"XX";11;"p1487 p1536 "
"XX";15;"p785 p1161 "
"XX";16;"p785 p3073 "
"XX";17;"p1161 p2179 "
"XX";17;"p1264 p3136 "
"XX";17;"p883 p3136 "
"XX";18;"p785 p3163 "
"XX";20;"p785 p2179 "
"XX";33;"p1276 p3373 "
"XX";21;"p1491 p3136 "
"XX";21;"p2691 p3136 "
"XX";21;"p3008 p3136 "
"XX";21;"p3035 p3136 "
"XX";21;"p636 p3136 "
"XX";30;"p343 p1161 "
"XX";23;"p1161 p3073 "
"XX";26;"p1161 p3163 "
"XX";25;"p269 p2783 "
"XX";25;"p269 p3380 "
"XX";26;"p608 p1487 "
"XX";26;"p909 p1487 "
"XX";35;"p2783 p2870 "
"XX";35;"p2870 p3380 "
"XX";25;"p1125 p1343 "
"XX";26;"p81 p1125 "
"XX";27;"p1020 p1125 "
"XX";29;"p879 p2783 "
"XX";29;"p879 p3380 "
"XX";29;"p1343 p2783 "
"XX";29;"p1343 p3380 "
"XX";31;"p506 p1487 "
"XX";28;"p879 p1125 "
"XX";30;"p1020 p2783 "
"XX";30;"p1020 p3380 "
"XX";31;"p81 p2783 "
"XX";31;"p81 p3380 "
"XX";30;"p269 p1125 "
"XX";33;"p81 p3163 "
"XX";33;"p81 p3073 "
"XX";34;"p1343 p3073 "
"XX";35;"p1343 p3163 "
"XX";35;"p1020 p3073 "
"XX";37;"p1020 p3163 "
"XX";37;"p879 p3073 "
"XX";39;"p879 p3163 "
"XX";58;"p506 p3373 "
"XX";65;"p608 p3373 "
"XX";65;"p909 p3373 "
"XX";51;"p1125 p2783 "
"XX";51;"p1125 p3380 "
"XX";57;"p1125 p3163 "
"XX";57;"p1125 p3073 "
"XX";3;"p796 p2860 "
"XX";3;"p2743 p2860 "
"XX";3;"p757 p2860 "
"XX";3;"p1216 p2860 "
"XX";3;"p2131 p2860 "
"XX";3;"p2546 p2860 "
"XX";3;"p1954 p2860 "
"XX";4;"p2711 p2860 "
"XX";4;"p2860 p3122 "
"XX";4;"p1261 p2860 "
"XX";4;"p325 p2860 "
"XX";4;"p1460 p2068 "
"XX";2;"p375 p2068 "
"XX";3;"p1516 p2068 "
"XX";1;"p902 p2068 "
"XX";5;"p1064 p2860 "
"XX";8;"p2068 p2860 "
"XX";2;"p1460 p2212 "
"XX";3;"p1238 p2860 "
"XX";3;"p1285 p2860 "
"XX";4;"p2068 p2822 "
"XX";6;"p2068 p2859 "
"XX";2;"p1460 p2874 "
"XX";5;"p734 p2068 "
"XX";2;"p2068 p3017 "
"XX";2;"p8 p1460 "
"XX";3;"p1460 p2238 "
"XX";4;"p375 p1064 "
"XX";5;"p1064 p1516 "
"XX";1;"p988 p2212 "
"XX";2;"p1460 p2546 "
"XX";2;"p1460 p2743 "
"XX";2;"p757 p1460 "
"XX";2;"p1460 p1954 "
"XX";2;"p1064 p2822 "
"XX";2;"p1216 p1460 "
"XX";2;"p1460 p2131 "
"XX";2;"p1460 p2687 "
"XX";2;"p1460 p2240 "
"XX";2;"p796 p1460 "
"XX";5;"p186 p1064 "
"XX";6;"p1064 p2859 "
"XX";2;"p734 p1064 "
"XX";9;"p926 p2860 "
"XX";3;"p1460 p3122 "
"XX";3;"p1460 p2711 "
"XX";17;"p988 p2068 "
"XX";4;"p902 p1064 "
"XX";3;"p1261 p1460 "
"XX";3;"p325 p1460 "
"XX";14;"p630 p2068 "
"XX";17;"p1025 p2068 "
"XX";20;"p2212 p2860 "
"XX";3;"p1238 p1516 "
"XX";3;"p1285 p1516 "
"XX";2;"p375 p1238 "
"XX";2;"p375 p1285 "
"XX";20;"p2860 p2874 "
"XX";3;"p630 p1064 "
"XX";21;"p2238 p2860 "
"XX";3;"p2212 p3017 "
"XX";4;"p1064 p3017 "
"XX";3;"p926 p1460 "
"XX";3;"p186 p1238 "
"XX";3;"p186 p1285 "
"XX";4;"p926 p1516 "
"XX";6;"p1238 p2859 "
"XX";6;"p1285 p2859 "
"XX";3;"p375 p926 "
"XX";19;"p1025 p1064 "
"XX";1;"p734 p2212 "
"XX";29;"p8 p2860 "
"XX";1;"p630 p2238 "
"XX";14;"p988 p2874 "
"XX";2;"p902 p1238 "
"XX";2;"p902 p1285 "
"XX";15;"p8 p988 "
"XX";16;"p988 p2238 "
"XX";3;"p2874 p3017 "
"XX";4;"p1238 p1460 "
"XX";4;"p1285 p1460 "
"XX";28;"p2687 p2860 "
"XX";3;"p988 p1064 "
"XX";3;"p8 p3017 "
"XX";4;"p2238 p3017 "
"XX";2;"p902 p2212 "
"XX";34;"p2240 p2860 "
"XX";7;"p926 p2859 "
"XX";4;"p734 p1238 "
"XX";4;"p734 p1285 "
"XX";4;"p186 p926 "
"XX";15;"p757 p988 "
"XX";15;"p988 p2546 "
"XX";15;"p988 p2743 "
"XX";15;"p988 p1954 "
"XX";15;"p988 p2687 "
"XX";16;"p988 p1216 "
"XX";16;"p988 p2131 "
"XX";39;"p1795 p2860 "
"XX";15;"p988 p2240 "
"XX";1;"p926 p2822 "
"XX";17;"p1025 p1238 "
"XX";17;"p1025 p1285 "
"XX";16;"p796 p988 "
"XX";17;"p988 p2711 "
"XX";17;"p988 p3122 "
"XX";17;"p325 p988 "
"XX";17;"p988 p1261 "
"XX";3;"p902 p926 "
"XX";4;"p2546 p3017 "
"XX";4;"p2743 p3017 "
"XX";4;"p757 p3017 "
"XX";11;"p186 p2212 "
"XX";18;"p926 p1025 "
"XX";10;"p8 p734 "
"XX";15;"p630 p757 "
"XX";16;"p630 p2546 "
"XX";16;"p630 p2743 "
"XX";30;"p1460 p1795 "
"XX";16;"p630 p1954 "
"XX";17;"p630 p1216 "
"XX";17;"p630 p2131 "
"XX";16;"p630 p2240 "
"XX";18;"p630 p3122 "
"XX";18;"p630 p1261 "
"XX";18;"p630 p2711 "
"XX";19;"p630 p796 "
"XX";18;"p325 p630 "
"XX";17;"p926 p988 "
"XX";34;"p186 p2687 "
"XX";29;"p734 p2687 "
"XX";7;"p1064 p1460 "
"XX";43;"p988 p1795 "
"XX";3;"p902 p2743 "
"XX";6;"p375 p2874 "
"XX";6;"p375 p2238 "
"XX";4;"p902 p2131 "
"XX";5;"p757 p902 "
"XX";5;"p902 p2546 "
"XX";5;"p902 p1954 "
"XX";7;"p2859 p2874 "
"XX";7;"p2238 p2859 "
"XX";6;"p902 p1216 "
"XX";6;"p902 p3122 "
"XX";7;"p325 p902 "
"XX";7;"p796 p902 "
"XX";7;"p902 p1261 "
"XX";7;"p902 p2711 "
"XX";10;"p1516 p2874 "
"XX";9;"p926 p3017 "
"XX";9;"p902 p2240 "
"XX";12;"p1516 p2238 "
"XX";10;"p325 p734 "
"XX";10;"p734 p1261 "
"XX";10;"p734 p2711 "
"XX";11;"p2240 p2822 "
"XX";11;"p734 p1216 "
"XX";11;"p734 p2131 "
"XX";11;"p734 p3122 "
"XX";14;"p8 p1516 "
"XX";12;"p734 p796 "
"XX";15;"p8 p375 "
"XX";17;"p1025 p2874 "
"XX";18;"p1025 p2238 "
"XX";14;"p734 p2546 "
"XX";14;"p734 p2743 "
"XX";14;"p734 p757 "
"XX";14;"p734 p1954 "
"XX";15;"p757 p2822 "
"XX";15;"p1954 p2822 "
"XX";22;"p1025 p2212 "
"XX";17;"p186 p1216 "
"XX";17;"p186 p2131 "
"XX";17;"p186 p3122 "
"XX";17;"p2546 p2822 "
"XX";17;"p2743 p2822 "
"XX";24;"p375 p2212 "
"XX";18;"p186 p1261 "
"XX";18;"p186 p2711 "
"XX";18;"p186 p325 "
"XX";18;"p186 p796 "
"XX";18;"p2131 p2822 "
"XX";18;"p734 p2240 "
"XX";21;"p8 p2859 "
"XX";20;"p186 p2546 "
"XX";20;"p186 p2743 "
"XX";20;"p186 p757 "
"XX";20;"p186 p1954 "
"XX";25;"p2212 p2859 "
"XX";20;"p1216 p2822 "
"XX";20;"p2822 p3122 "
"XX";28;"p1516 p2212 "
"XX";21;"p1261 p2822 "
"XX";21;"p2711 p2822 "
"XX";21;"p325 p2822 "
"XX";21;"p796 p2822 "
"XX";24;"p1238 p3017 "
"XX";24;"p1285 p3017 "
"XX";25;"p375 p757 "
"XX";24;"p186 p2240 "
"XX";26;"p902 p2874 "
"XX";26;"p902 p2238 "
"XX";26;"p2822 p2874 "
"XX";26;"p757 p2859 "
"XX";26;"p2238 p2822 "
"XX";27;"p375 p2546 "
"XX";27;"p375 p2743 "
"XX";27;"p375 p1954 "
"XX";31;"p8 p1025 "
"XX";27;"p1954 p2859 "
"XX";28;"p375 p2131 "
"XX";28;"p2546 p2859 "
"XX";28;"p2743 p2859 "
"XX";28;"p630 p926 "
"XX";30;"p630 p1238 "
"XX";30;"p630 p1285 "
"XX";29;"p2131 p2859 "
"XX";30;"p375 p1216 "
"XX";30;"p375 p3122 "
"XX";31;"p757 p1516 "
"XX";30;"p2240 p2859 "
"XX";31;"p325 p375 "
"XX";31;"p375 p1261 "
"XX";31;"p375 p2240 "
"XX";31;"p375 p2711 "
"XX";31;"p375 p796 "
"XX";31;"p1216 p2859 "
"XX";31;"p2859 p3122 "
"XX";30;"p630 p2687 "
"XX";33;"p1516 p2546 "
"XX";33;"p1516 p2743 "
"XX";33;"p1516 p1954 "
"XX";32;"p1261 p2859 "
"XX";32;"p2711 p2859 "
"XX";32;"p325 p2859 "
"XX";32;"p796 p2859 "
"XX";34;"p1516 p2131 "
"XX";32;"p902 p1795 "
"XX";37;"p757 p1025 "
"XX";35;"p1516 p2687 "
"XX";42;"p988 p1238 "
"XX";42;"p988 p1285 "
"XX";33;"p2687 p3017 "
"XX";36;"p1216 p1516 "
"XX";36;"p1516 p3122 "
"XX";36;"p375 p2687 "
"XX";35;"p734 p2874 "
"XX";35;"p734 p2238 "
"XX";34;"p2240 p3017 "
"XX";39;"p1025 p2546 "
"XX";39;"p1025 p2743 "
"XX";39;"p1025 p1954 "
"XX";37;"p1261 p1516 "
"XX";37;"p1516 p2240 "
"XX";37;"p1516 p2711 "
"XX";37;"p325 p1516 "
"XX";37;"p796 p1516 "
"XX";35;"p325 p3017 "
"XX";40;"p1025 p2131 "
"XX";36;"p1261 p3017 "
"XX";36;"p2711 p3017 "
"XX";39;"p8 p902 "
"XX";37;"p3017 p3122 "
"XX";37;"p1216 p3017 "
"XX";37;"p2131 p3017 "
"XX";42;"p1025 p1216 "
"XX";41;"p186 p2874 "
"XX";42;"p1025 p3122 "
"XX";41;"p186 p2238 "
"XX";38;"p796 p3017 "
"XX";40;"p8 p2822 "
"XX";38;"p1954 p3017 "
"XX";39;"p734 p926 "
"XX";43;"p1025 p1261 "
"XX";43;"p1025 p2240 "
"XX";43;"p1025 p2711 "
"XX";43;"p325 p1025 "
"XX";43;"p796 p1025 "
"XX";39;"p1795 p3017 "
"XX";39;"p1795 p2822 "
"XX";42;"p2687 p2859 "
"XX";41;"p734 p1795 "
"XX";47;"p186 p1795 "
"XX";54;"p1025 p2687 "
"XX";55;"p8 p186 "
"XX";51;"p2687 p2822 "
"XX";53;"p1795 p2859 "
"XX";54;"p375 p1795 "
"XX";60;"p1516 p1795 "
"XX";62;"p902 p2687 "
"XX";66;"p1025 p1795 "
"XX";65;"p630 p1795 "
"XX";1;"p633 p740 "
"XX";4;"p512 p633 "
"XX";3;"p512 p1276 "
"XX";1;"p740 p1276 "
"XX";8;"p740 p1264 "
"XX";8;"p740 p883 "
"XX";8;"p636 p740 "
"XX";8;"p740 p1491 "
"XX";8;"p740 p2691 "
"XX";8;"p740 p3008 "
"XX";8;"p740 p3035 "
"XX";5;"p512 p1264 "
"XX";5;"p512 p883 "
"XX";35;"p453 p1264 "
"XX";35;"p453 p1276 "
"XX";35;"p453 p1281 "
"XX";35;"p453 p1491 "
"XX";35;"p453 p1493 "
"XX";35;"p453 p1536 "
"XX";35;"p453 p2691 "
"XX";35;"p453 p3008 "
"XX";35;"p453 p3035 "
"XX";35;"p453 p506 "
"XX";35;"p453 p608 "
"XX";35;"p453 p633 "
"XX";35;"p453 p636 "
"XX";35;"p453 p883 "
"XX";35;"p453 p909 "
"XX";10;"p512 p1281 "
"XX";10;"p512 p1536 "
"XX";12;"p608 p740 "
"XX";12;"p740 p909 "
"XX";12;"p512 p1493 "
"XX";19;"p506 p740 "
"XX";29;"p512 p608 "
"XX";29;"p512 p909 "
"XX";31;"p740 p1281 "
"XX";31;"p740 p1536 "
"XX";33;"p740 p1493 "
"XX";36;"p506 p512 "
"XX";36;"p512 p1491 "
"XX";36;"p512 p2691 "
"XX";36;"p512 p3008 "
"XX";36;"p512 p3035 "
"XX";36;"p512 p636 "
"XX";1;"p501 p1113 "
"XX";1;"p501 p708 "
"XX";1;"p501 p3381 "
"XX";2;"p501 p1194 "
"XX";3;"p482 p501 "
"XX";3;"p501 p872 "
"XX";1;"p779 p2870 "
"XX";1;"p401 p882 "
"XX";1;"p343 p401 "
"XX";1;"p779 p3073 "
"XX";6;"p2492 p3375 "
"XX";1;"p1198 p3375 "
"XX";2;"p779 p2179 "
"XX";1;"p401 p1161 "
"XX";1;"p401 p785 "
"XX";1;"p779 p879 "
"XX";1;"p779 p1343 "
"XX";7;"p2492 p2870 "
"XX";1;"p401 p3073 "
"XX";4;"p779 p3163 "
"XX";7;"p2492 p3380 "
"XX";7;"p2492 p2783 "
"XX";4;"p882 p2262 "
"XX";3;"p343 p2262 "
"XX";6;"p879 p2492 "
"XX";3;"p779 p1020 "
"XX";3;"p401 p2179 "
"XX";6;"p81 p2492 "
"XX";1;"p882 p1061 "
"XX";7;"p269 p2492 "
"XX";7;"p1343 p2492 "
"XX";3;"p3375 p3381 "
"XX";1;"p81 p401 "
"XX";5;"p269 p779 "
"XX";6;"p501 p2492 "
"XX";6;"p2492 p3073 "
"XX";2;"p1248 p3375 "
"XX";9;"p1020 p2492 "
"XX";5;"p401 p3163 "
"XX";3;"p1161 p2262 "
"XX";6;"p785 p2492 "
"XX";2;"p401 p1343 "
"XX";3;"p1194 p3375 "
"XX";6;"p1161 p2492 "
"XX";3;"p401 p879 "
"XX";2;"p882 p1113 "
"XX";3;"p785 p2262 "
"XX";2;"p1198 p2870 "
"XX";8;"p2179 p2492 "
"XX";3;"p269 p401 "
"XX";1;"p882 p1248 "
"XX";4;"p482 p882 "
"XX";5;"p872 p3375 "
"XX";3;"p1113 p3375 "
"XX";3;"p343 p482 "
"XX";4;"p401 p1020 "
"XX";2;"p708 p882 "
"XX";5;"p401 p501 "
"XX";10;"p2492 p3163 "
"XX";3;"p2262 p3073 "
"XX";2;"p633 p2540 "
"XX";7;"p708 p3375 "
"XX";6;"p343 p2492 "
"XX";1;"p343 p708 "
"XX";5;"p2179 p2262 "
"XX";21;"p501 p663 "
"XX";4;"p343 p1113 "
"XX";3;"p401 p2783 "
"XX";6;"p882 p2492 "
"XX";4;"p1061 p3375 "
"XX";5;"p482 p3375 "
"XX";4;"p401 p3380 "
"XX";4;"p882 p1194 "
"XX";4;"p872 p882 "
"XX";2;"p343 p1194 "
"XX";2;"p882 p3381 "
"XX";7;"p2262 p3163 "
"XX";3;"p343 p872 "
"XX";3;"p81 p2262 "
"XX";2;"p1198 p3380 "
"XX";2;"p1198 p2783 "
"XX";1;"p343 p3381 "
"XX";4;"p879 p2262 "
"XX";4;"p1343 p2262 "
"XX";2;"p1061 p2179 "
"XX";3;"p482 p1161 "
"XX";4;"p269 p2262 "
"XX";4;"p2870 p3381 "
"XX";3;"p401 p2870 "
"XX";3;"p482 p785 "
"XX";6;"p1020 p2262 "
"XX";4;"p1113 p1161 "
"XX";1;"p708 p1161 "
"XX";4;"p1061 p3163 "
"XX";23;"p779 p1125 "
"XX";3;"p1248 p2870 "
"XX";4;"p1194 p2870 "
"XX";1;"p708 p785 "
"XX";3;"p482 p3073 "
"XX";23;"p663 p3375 "
"XX";5;"p482 p2179 "
"XX";5;"p872 p2870 "
"XX";4;"p2262 p2783 "
"XX";29;"p1125 p2492 "
"XX";2;"p882 p1198 "
"XX";4;"p269 p1198 "
"XX";8;"p1276 p2540 "
"XX";5;"p2262 p3380 "
"XX";4;"p879 p1198 "
"XX";9;"p785 p1113 "
"XX";3;"p872 p1161 "
"XX";7;"p708 p2870 "
"XX";3;"p81 p1198 "
"XX";3;"p1161 p1194 "
"XX";6;"p1113 p2179 "
"XX";4;"p1198 p1343 "
"XX";3;"p1113 p2870 "
"XX";25;"p401 p1125 "
"XX";5;"p1020 p1198 "
"XX";7;"p482 p3163 "
"XX";3;"p785 p872 "
"XX";2;"p1248 p2179 "
"XX";3;"p785 p1194 "
"XX";2;"p3380 p3381 "
"XX";3;"p708 p2179 "
"XX";1;"p1248 p3073 "
"XX";2;"p708 p3073 "
"XX";9;"p1113 p3073 "
"XX";2;"p1264 p2540 "
"XX";2;"p883 p2540 "
"XX";3;"p2783 p3381 "
"XX";34;"p501 p2262 "
"XX";4;"p1161 p3381 "
"XX";13;"p1113 p3163 "
"XX";5;"p872 p2179 "
"XX";5;"p1194 p2179 "
"XX";4;"p1248 p3163 "
"XX";5;"p708 p3163 "
"XX";22;"p663 p2870 "
"XX";27;"p1125 p2262 "
"XX";8;"p506 p2540 "
"XX";22;"p663 p882 "
"XX";21;"p343 p663 "
"XX";23;"p663 p3380 "
"XX";23;"p663 p2783 "
"XX";25;"p1125 p1198 "
"XX";8;"p401 p3375 "
"XX";52;"p779 p2783 "
"XX";52;"p779 p3380 "
"XX";5;"p1161 p1198 "
"XX";3;"p1194 p1343 "
"XX";5;"p482 p2783 "
"XX";5;"p482 p3380 "
"XX";5;"p81 p1194 "
"XX";6;"p872 p879 "
"XX";6;"p1248 p1343 "
"XX";6;"p872 p1343 "
"XX";6;"p1020 p1194 "
"XX";18;"p2262 p2870 "
"XX";7;"p1020 p1248 "
"XX";7;"p872 p1020 "
"XX";7;"p879 p1194 "
"XX";8;"p269 p872 "
"XX";8;"p879 p1248 "
"XX";8;"p81 p1248 "
"XX";8;"p81 p872 "
"XX";9;"p708 p879 "
"XX";9;"p708 p1343 "
"XX";12;"p1061 p2783 "
"XX";12;"p1061 p3380 "
"XX";9;"p269 p1194 "
"XX";11;"p1113 p2783 "
"XX";11;"p1113 p3380 "
"XX";40;"p2262 p3375 "
"XX";10;"p269 p1248 "
"XX";10;"p708 p1020 "
"XX";11;"p269 p708 "
"XX";11;"p81 p708 "
"XX";14;"p785 p1198 "
"XX";16;"p1198 p2179 "
"XX";16;"p1281 p2540 "
"XX";16;"p1536 p2540 "
"XX";18;"p81 p3381 "
"XX";19;"p3073 p3381 "
"XX";29;"p1061 p2870 "
"XX";29;"p343 p1198 "
"XX";22;"p1198 p3073 "
"XX";20;"p1493 p2540 "
"XX";20;"p1020 p3381 "
"XX";20;"p1343 p3381 "
"XX";21;"p3163 p3381 "
"XX";21;"p879 p3381 "
"XX";25;"p1198 p3163 "
"XX";23;"p269 p3381 "
"XX";24;"p663 p3073 "
"XX";26;"p269 p482 "
"XX";25;"p2179 p3381 "
"XX";35;"p482 p2870 "
"XX";26;"p663 p3163 "
"XX";26;"p1125 p1194 "
"XX";29;"p1248 p2783 "
"XX";29;"p1248 p3380 "
"XX";29;"p872 p2783 "
"XX";29;"p872 p3380 "
"XX";30;"p708 p2783 "
"XX";30;"p708 p3380 "
"XX";30;"p482 p879 "
"XX";28;"p1125 p1248 "
"XX";28;"p872 p1125 "
"XX";30;"p482 p1343 "
"XX";30;"p1194 p2783 "
"XX";30;"p1194 p3380 "
"XX";31;"p482 p1020 "
"XX";30;"p663 p2179 "
"XX";31;"p785 p3381 "
"XX";33;"p269 p1061 "
"XX";32;"p81 p482 "
"XX";32;"p269 p1113 "
"XX";31;"p708 p1125 "
"XX";35;"p879 p1061 "
"XX";35;"p1061 p1343 "
"XX";36;"p1020 p1061 "
"XX";36;"p608 p2540 "
"XX";36;"p909 p2540 "
"XX";36;"p879 p1113 "
"XX";36;"p1113 p1343 "
"XX";36;"p663 p785 "
"XX";35;"p1491 p2540 "
"XX";35;"p2540 p2691 "
"XX";35;"p2540 p3008 "
"XX";35;"p2540 p3035 "
"XX";35;"p636 p2540 "
"XX";37;"p1020 p1113 "
"XX";36;"p1194 p3073 "
"XX";37;"p1194 p3163 "
"XX";38;"p81 p1113 "
"XX";37;"p872 p3073 "
"XX";39;"p872 p3163 "
"XX";42;"p1125 p3381 "
"XX";45;"p663 p1161 "
"XX";50;"p663 p1020 "
"XX";50;"p81 p663 "
"XX";51;"p663 p1343 "
"XX";52;"p482 p1125 "
"XX";54;"p663 p879 "
"XX";57;"p1061 p1125 "
"XX";56;"p269 p663 "
"XX";58;"p1113 p1125 "
"XX";74;"p663 p1125 "
"XX";1;"p2068 p3118 "
"XX";2;"p2212 p3313 "
"XX";5;"p1064 p3313 "
"XX";3;"p773 p2068 "
"XX";2;"p2874 p3313 "
"XX";4;"p1238 p3313 "
"XX";4;"p1285 p3313 "
"XX";3;"p2238 p3313 "
"XX";5;"p1164 p2068 "
"XX";3;"p1064 p3118 "
"XX";21;"p2068 p3313 "
"XX";11;"p8 p3313 "
"XX";5;"p773 p1064 "
"XX";7;"p1064 p1164 "
"XX";1;"p1238 p3118 "
"XX";1;"p1285 p3118 "
"XX";20;"p926 p3313 "
"XX";22;"p2546 p3313 "
"XX";22;"p757 p3313 "
"XX";23;"p2743 p3313 "
"XX";24;"p1954 p3313 "
"XX";25;"p2131 p3313 "
"XX";26;"p1216 p3313 "
"XX";26;"p796 p3313 "
"XX";27;"p3122 p3313 "
"XX";3;"p773 p1238 "
"XX";3;"p773 p1285 "
"XX";28;"p1261 p3313 "
"XX";28;"p2240 p3313 "
"XX";28;"p325 p3313 "
"XX";28;"p2711 p3313 "
"XX";2;"p926 p3118 "
"XX";33;"p2687 p3313 "
"XX";5;"p1164 p1238 "
"XX";5;"p1164 p1285 "
"XX";3;"p773 p2212 "
"XX";4;"p773 p926 "
"XX";7;"p1164 p2212 "
"XX";6;"p926 p1164 "
"XX";27;"p2687 p3118 "
"XX";8;"p325 p773 "
"XX";8;"p773 p1261 "
"XX";8;"p773 p2711 "
"XX";9;"p1164 p1261 "
"XX";9;"p1164 p2711 "
"XX";9;"p325 p1164 "
"XX";9;"p773 p1216 "
"XX";9;"p773 p2131 "
"XX";9;"p773 p3122 "
"XX";10;"p757 p1164 "
"XX";10;"p1164 p1216 "
"XX";10;"p1164 p2131 "
"XX";10;"p757 p773 "
"XX";10;"p773 p2546 "
"XX";10;"p773 p2743 "
"XX";10;"p1164 p3122 "
"XX";10;"p773 p1954 "
"XX";10;"p773 p796 "
"XX";11;"p796 p1164 "
"XX";12;"p1164 p2546 "
"XX";12;"p1164 p2743 "
"XX";12;"p1164 p1954 "
"XX";13;"p2546 p3118 "
"XX";13;"p2743 p3118 "
"XX";13;"p757 p3118 "
"XX";13;"p1954 p3118 "
"XX";14;"p2131 p3118 "
"XX";14;"p773 p2240 "
"XX";16;"p1216 p3118 "
"XX";16;"p3118 p3122 "
"XX";16;"p1164 p2240 "
"XX";17;"p1261 p3118 "
"XX";17;"p2240 p3118 "
"XX";17;"p2711 p3118 "
"XX";17;"p325 p3118 "
"XX";17;"p796 p3118 "
"XX";80;"p1795 p3313 "
"XX";24;"p773 p2874 "
"XX";24;"p773 p2238 "
"XX";28;"p1164 p2874 "
"XX";28;"p1164 p2238 "
"XX";34;"p2212 p3118 "
"XX";32;"p2874 p3118 "
"XX";32;"p2238 p3118 "
"XX";37;"p8 p773 "
"XX";38;"p8 p1164 "
"XX";37;"p773 p1795 "
"XX";39;"p1164 p1795 "
"XX";44;"p8 p3118 "
"XX";40;"p1795 p3118 "
"XX";60;"p773 p2687 "
"XX";61;"p1164 p2687 "
"XX";3;"p102 p633 "
"XX";5;"p102 p1276 "
"XX";5;"p102 p506 "
"XX";7;"p102 p608 "
"XX";7;"p102 p909 "
"XX";7;"p102 p1281 "
"XX";7;"p102 p1536 "
"XX";9;"p102 p1264 "
"XX";9;"p102 p883 "
"XX";9;"p102 p1491 "
"XX";9;"p102 p2691 "
"XX";9;"p102 p3008 "
"XX";9;"p102 p3035 "
"XX";9;"p102 p636 "
"XX";44;"p102 p1493 "
"XX";1;"p501 p902 "
"XX";2;"p375 p501 "
"XX";3;"p879 p2860 "
"XX";3;"p501 p1516 "
"XX";4;"p501 p2859 "
"XX";4;"p1343 p2860 "
"XX";4;"p269 p2860 "
"XX";2;"p501 p3017 "
"XX";6;"p1020 p2860 "
"XX";2;"p1460 p3375 "
"XX";1;"p926 p927 "
"XX";1;"p988 p3375 "
"XX";3;"p882 p2860 "
"XX";3;"p343 p2860 "
"XX";2;"p1487 p2068 "
"XX";2;"p630 p3375 "
"XX";3;"p1460 p2870 "
"XX";2;"p734 p3375 "
"XX";5;"p3017 p3375 "
"XX";2;"p2822 p3375 "
"XX";17;"p501 p1025 "
"XX";6;"p1161 p2860 "
"XX";3;"p1460 p3380 "
"XX";3;"p1460 p2783 "
"XX";2;"p988 p2870 "
"XX";5;"p2179 p2860 "
"XX";3;"p375 p882 "
"XX";4;"p882 p1516 "
"XX";2;"p343 p375 "
"XX";4;"p902 p3375 "
"XX";3;"p343 p1516 "
"XX";9;"p785 p2860 "
"XX";2;"p879 p1460 "
"XX";1;"p882 p2822 "
"XX";3;"p269 p1460 "
"XX";2;"p81 p1460 "
"XX";1;"p927 p2212 "
"XX";14;"p2068 p3373 "
"XX";4;"p186 p882 "
"XX";5;"p882 p2859 "
"XX";9;"p2860 p3073 "
"XX";20;"p2860 p3375 "
"XX";4;"p1064 p1487 "
"XX";1;"p734 p882 "
"XX";1;"p630 p2870 "
"XX";3;"p1343 p1460 "
"XX";3;"p882 p902 "
"XX";4;"p343 p2859 "
"XX";3;"p186 p343 "
"XX";4;"p375 p3375 "
"XX";26;"p1125 p2860 "
"XX";2;"p343 p902 "
"XX";5;"p1020 p1460 "
"XX";6;"p2859 p3375 "
"XX";12;"p2860 p3163 "
"XX";5;"p1516 p3375 "
"XX";22;"p2860 p2870 "
"XX";4;"p2870 p3017 "
"XX";13;"p186 p3375 "
"XX";3;"p1161 p1516 "
"XX";2;"p375 p1161 "
"XX";4;"p501 p1460 "
"XX";3;"p785 p1516 "
"XX";21;"p2783 p2860 "
"XX";1;"p734 p2870 "
"XX";21;"p2860 p3380 "
"XX";2;"p375 p785 "
"XX";3;"p1460 p3073 "
"XX";2;"p630 p882 "
"XX";18;"p1064 p3373 "
"XX";20;"p501 p2860 "
"XX";1;"p2822 p2870 "
"XX";2;"p927 p1064 "
"XX";3;"p882 p3017 "
"XX";2;"p785 p1460 "
"XX";3;"p1516 p3073 "
"XX";2;"p375 p3073 "
"XX";5;"p1516 p2179 "
"XX";1;"p630 p3380 "
"XX";4;"p1460 p2179 "
"XX";3;"p186 p1161 "
"XX";4;"p375 p2179 "
"XX";18;"p882 p1025 "
"XX";6;"p1161 p2859 "
"XX";1;"p630 p2783 "
"XX";21;"p2068 p3136 "
"XX";2;"p343 p3017 "
"XX";2;"p1238 p1487 "
"XX";2;"p1285 p1487 "
"XX";6;"p1460 p3163 "
"XX";10;"p2212 p3136 "
"XX";4;"p343 p630 "
"XX";4;"p1161 p1460 "
"XX";17;"p343 p1025 "
"XX";3;"p186 p785 "
"XX";6;"p785 p2859 "
"XX";2;"p902 p1161 "
"XX";4;"p902 p2870 "
"XX";16;"p988 p3380 "
"XX";16;"p988 p2783 "
"XX";16;"p1238 p3373 "
"XX";16;"p1285 p3373 "
"XX";4;"p3017 p3380 "
"XX";7;"p1516 p3163 "
"XX";2;"p785 p902 "
"XX";6;"p375 p3163 "
"XX";4;"p2783 p3017 "
"XX";16;"p927 p2874 "
"XX";8;"p2179 p2859 "
"XX";6;"p2859 p3073 "
"XX";5;"p186 p2179 "
"XX";18;"p927 p2238 "
"XX";37;"p81 p2860 "
"XX";10;"p2874 p3136 "
"XX";4;"p734 p1161 "
"XX";4;"p186 p3073 "
"XX";4;"p1487 p2212 "
"XX";19;"p1025 p3375 "
"XX";11;"p2238 p3136 "
"XX";12;"p1064 p3136 "
"XX";10;"p8 p3136 "
"XX";17;"p269 p988 "
"XX";17;"p926 p3373 "
"XX";13;"p186 p2870 "
"XX";17;"p988 p1020 "
"XX";16;"p81 p988 "
"XX";18;"p879 p988 "
"XX";3;"p926 p1487 "
"XX";17;"p1025 p1161 "
"XX";17;"p988 p1343 "
"XX";3;"p81 p1516 "
"XX";4;"p902 p2179 "
"XX";10;"p2859 p3163 "
"XX";5;"p734 p785 "
"XX";26;"p8 p927 "
"XX";3;"p902 p3073 "
"XX";17;"p785 p1025 "
"XX";7;"p186 p3163 "
"XX";17;"p757 p927 "
"XX";17;"p927 p2546 "
"XX";17;"p927 p2743 "
"XX";6;"p2179 p2822 "
"XX";17;"p927 p1216 "
"XX";17;"p927 p2131 "
"XX";4;"p2822 p3073 "
"XX";18;"p927 p1954 "
"XX";17;"p796 p927 "
"XX";18;"p927 p3122 "
"XX";25;"p1125 p1460 "
"XX";18;"p325 p927 "
"XX";18;"p927 p2711 "
"XX";18;"p927 p1261 "
"XX";19;"p1025 p2179 "
"XX";10;"p2546 p3136 "
"XX";10;"p2743 p3136 "
"XX";6;"p902 p3163 "
"XX";10;"p757 p3136 "
"XX";6;"p269 p3017 "
"XX";17;"p1025 p3073 "
"XX";10;"p1954 p3136 "
"XX";22;"p927 p2240 "
"XX";10;"p1216 p3136 "
"XX";10;"p2131 p3136 "
"XX";10;"p2687 p3136 "
"XX";8;"p2822 p3163 "
"XX";11;"p3122 p3136 "
"XX";10;"p2240 p3136 "
"XX";11;"p1261 p3136 "
"XX";11;"p2711 p3136 "
"XX";21;"p1025 p3163 "
"XX";12;"p796 p3136 "
"XX";11;"p325 p3136 "
"XX";16;"p988 p3073 "
"XX";18;"p269 p630 "
"XX";16;"p2687 p3373 "
"XX";30;"p501 p988 "
"XX";19;"p630 p879 "
"XX";27;"p2240 p3373 "
"XX";19;"p630 p1343 "
"XX";19;"p81 p630 "
"XX";20;"p630 p1020 "
"XX";20;"p988 p3163 "
"XX";32;"p796 p3373 "
"XX";33;"p1261 p3373 "
"XX";33;"p2711 p3373 "
"XX";33;"p325 p3373 "
"XX";32;"p2131 p3373 "
"XX";31;"p1954 p3373 "
"XX";33;"p1216 p3373 "
"XX";33;"p3122 p3373 "
"XX";32;"p2546 p3373 "
"XX";32;"p757 p3373 "
"XX";33;"p2743 p3373 "
"XX";45;"p927 p1795 "
"XX";32;"p8 p3373 "
"XX";39;"p988 p1125 "
"XX";44;"p1795 p3373 "
"XX";40;"p630 p1125 "
"XX";12;"p882 p1460 "
"XX";7;"p375 p2783 "
"XX";7;"p375 p3380 "
"XX";6;"p3017 p3073 "
"XX";6;"p269 p902 "
"XX";8;"p2783 p2859 "
"XX";8;"p2859 p3380 "
"XX";8;"p3017 p3163 "
"XX";8;"p1261 p1487 "
"XX";8;"p1487 p2711 "
"XX";8;"p325 p1487 "
"XX";8;"p879 p902 "
"XX";8;"p902 p1343 "
"XX";9;"p1216 p1487 "
"XX";9;"p1487 p2131 "
"XX";9;"p1487 p3122 "
"XX";9;"p902 p1020 "
"XX";26;"p343 p1460 "
"XX";10;"p796 p1487 "
"XX";10;"p81 p902 "
"XX";13;"p1516 p2783 "
"XX";13;"p1516 p3380 "
"XX";12;"p2179 p3017 "
"XX";11;"p734 p1343 "
"XX";12;"p1487 p2546 "
"XX";12;"p1487 p2743 "
"XX";12;"p757 p1487 "
"XX";12;"p1487 p1954 "
"XX";21;"p343 p988 "
"XX";12;"p734 p1020 "
"XX";13;"p734 p879 "
"XX";13;"p81 p734 "
"XX";19;"p1025 p2783 "
"XX";19;"p1025 p3380 "
"XX";15;"p269 p734 "
"XX";16;"p1487 p2240 "
"XX";19;"p1238 p3136 "
"XX";19;"p1285 p3136 "
"XX";18;"p785 p3017 "
"XX";18;"p926 p3136 "
"XX";18;"p186 p1020 "
"XX";18;"p269 p2822 "
"XX";19;"p186 p879 "
"XX";19;"p186 p1343 "
"XX";28;"p1516 p2870 "
"XX";20;"p81 p2822 "
"XX";21;"p186 p269 "
"XX";35;"p882 p988 "
"XX";21;"p81 p186 "
"XX";31;"p375 p2870 "
"XX";22;"p1020 p2822 "
"XX";24;"p630 p785 "
"XX";22;"p879 p2822 "
"XX";22;"p1343 p2822 "
"XX";34;"p1025 p2870 "
"XX";27;"p1161 p3017 "
"XX";27;"p1487 p2874 "
"XX";27;"p1487 p2238 "
"XX";27;"p902 p2783 "
"XX";27;"p902 p3380 "
"XX";27;"p2783 p2822 "
"XX";27;"p2822 p3380 "
"XX";28;"p269 p375 "
"XX";29;"p269 p2859 "
"XX";39;"p2859 p2870 "
"XX";29;"p734 p1125 "
"XX";33;"p630 p1161 "
"XX";32;"p375 p879 "
"XX";32;"p375 p1343 "
"XX";30;"p902 p1125 "
"XX";46;"p2212 p3373 "
"XX";32;"p630 p3073 "
"XX";33;"p375 p1020 "
"XX";34;"p269 p1516 "
"XX";33;"p1020 p2859 "
"XX";33;"p879 p2859 "
"XX";33;"p1343 p2859 "
"XX";34;"p81 p375 "
"XX";35;"p81 p2859 "
"XX";36;"p630 p3163 "
"XX";36;"p734 p2783 "
"XX";36;"p734 p3380 "
"XX";35;"p81 p3017 "
"XX";40;"p269 p1025 "
"XX";38;"p879 p1516 "
"XX";45;"p988 p1161 "
"XX";38;"p1343 p1516 "
"XX";38;"p630 p2179 "
"XX";36;"p734 p3073 "
"XX";36;"p1343 p3017 "
"XX";39;"p1020 p1516 "
"XX";39;"p8 p1487 "
"XX";37;"p1020 p3017 "
"XX";38;"p734 p3163 "
"XX";38;"p1487 p1795 "
"XX";42;"p186 p2783 "
"XX";42;"p186 p3380 "
"XX";43;"p1020 p1025 "
"XX";39;"p879 p3017 "
"XX";44;"p879 p1025 "
"XX";40;"p734 p2179 "
"XX";44;"p1025 p1343 "
"XX";50;"p785 p988 "
"XX";41;"p186 p1125 "
"XX";46;"p81 p1025 "
"XX";52;"p988 p2179 "
"XX";44;"p1125 p2822 "
"XX";64;"p2874 p3373 "
"XX";66;"p2238 p3373 "
"XX";53;"p1125 p2859 "
"XX";54;"p375 p1125 "
"XX";53;"p1795 p3136 "
"XX";59;"p1125 p3017 "
"XX";60;"p1125 p1516 "
"XX";61;"p1487 p2687 "
"XX";66;"p1025 p1125 "
"XX";2;"p401 p779 "
"XX";1;"p779 p1198 "
"XX";3;"p779 p2262 "
"XX";6;"p779 p2492 "
"XX";7;"p401 p2492 "
"XX";1;"p779 p3381 "
"XX";1;"p401 p1198 "
"XX";6;"p1061 p2492 "
"XX";9;"p2262 p2492 "
"XX";2;"p779 p1194 "
"XX";6;"p1248 p2492 "
"XX";7;"p1113 p2492 "
"XX";3;"p779 p1248 "
"XX";7;"p708 p2492 "
"XX";3;"p708 p779 "
"XX";9;"p482 p2492 "
"XX";4;"p779 p872 "
"XX";8;"p1194 p2492 "
"XX";7;"p2492 p3381 "
"XX";3;"p401 p3381 "
"XX";1;"p401 p1248 "
"XX";9;"p872 p2492 "
"XX";6;"p1198 p2492 "
"XX";4;"p1198 p2262 "
"XX";3;"p401 p1194 "
"XX";5;"p401 p872 "
"XX";3;"p401 p1113 "
"XX";7;"p401 p708 "
"XX";1;"p1061 p1198 "
"XX";4;"p401 p1061 "
"XX";5;"p401 p482 "
"XX";5;"p2262 p3381 "
"XX";21;"p663 p779 "
"XX";4;"p1248 p2262 "
"XX";5;"p1194 p2262 "
"XX";4;"p482 p1198 "
"XX";6;"p872 p2262 "
"XX";5;"p1113 p1198 "
"XX";8;"p708 p2262 "
"XX";4;"p1113 p2262 "
"XX";2;"p1198 p1248 "
"XX";3;"p708 p1198 "
"XX";27;"p663 p2492 "
"XX";22;"p401 p663 "
"XX";2;"p1061 p3381 "
"XX";6;"p482 p2262 "
"XX";5;"p872 p1198 "
"XX";5;"p1061 p2262 "
"XX";5;"p1194 p1198 "
"XX";3;"p1198 p3381 "
"XX";5;"p482 p3381 "
"XX";25;"p663 p2262 "
"XX";22;"p663 p1061 "
"XX";11;"p1113 p3381 "
"XX";24;"p482 p663 "
"XX";31;"p663 p1113 "
"XX";51;"p779 p1061 "
"XX";52;"p779 p1113 "
"XX";53;"p482 p779 "
"XX";7;"p1194 p1248 "
"XX";7;"p872 p1194 "
"XX";8;"p872 p1248 "
"XX";36;"p401 p2262 "
"XX";9;"p708 p872 "
"XX";13;"p482 p1061 "
"XX";12;"p482 p1113 "
"XX";10;"p708 p1194 "
"XX";11;"p708 p1248 "
"XX";19;"p1061 p1113 "
"XX";21;"p872 p3381 "
"XX";21;"p1194 p3381 "
"XX";22;"p1248 p3381 "
"XX";24;"p708 p3381 "
"XX";30;"p482 p1248 "
"XX";30;"p482 p872 "
"XX";31;"p1061 p1248 "
"XX";31;"p482 p708 "
"XX";31;"p482 p1194 "
"XX";35;"p872 p1061 "
"XX";36;"p708 p1061 "
"XX";36;"p1061 p1194 "
"XX";36;"p1113 p1248 "
"XX";36;"p872 p1113 "
"XX";37;"p708 p1113 "
"XX";37;"p1113 p1194 "
"XX";36;"p663 p3381 "
"XX";44;"p663 p1198 "
"XX";52;"p663 p1248 "
"XX";53;"p663 p1194 "
"XX";54;"p663 p872 "
"XX";57;"p663 p708 "
"XX";4;"p512 p2068 "
"XX";8;"p740 p2068 "
"XX";3;"p740 p1064 "
"XX";6;"p512 p1064 "
"XX";7;"p740 p1238 "
"XX";7;"p740 p1285 "
"XX";3;"p512 p2212 "
"XX";4;"p512 p1238 "
"XX";4;"p512 p1285 "
"XX";9;"p740 p926 "
"XX";6;"p512 p926 "
"XX";35;"p453 p1216 "
"XX";35;"p453 p1238 "
"XX";35;"p453 p1285 "
"XX";35;"p453 p1954 "
"XX";35;"p453 p2068 "
"XX";35;"p453 p2131 "
"XX";35;"p453 p2212 "
"XX";35;"p453 p2240 "
"XX";35;"p453 p2546 "
"XX";35;"p453 p2687 "
"XX";35;"p453 p2743 "
"XX";35;"p453 p2874 "
"XX";35;"p453 p757 "
"XX";35;"p453 p796 "
"XX";35;"p8 p453 "
"XX";36;"p325 p453 "
"XX";36;"p453 p1261 "
"XX";36;"p453 p2238 "
"XX";36;"p453 p2711 "
"XX";36;"p453 p3122 "
"XX";36;"p453 p926 "
"XX";37;"p453 p1064 "
"XX";63;"p453 p1795 "
"XX";10;"p512 p2131 "
"XX";11;"p512 p2546 "
"XX";11;"p512 p2743 "
"XX";11;"p512 p757 "
"XX";11;"p512 p1954 "
"XX";11;"p512 p796 "
"XX";13;"p740 p2874 "
"XX";13;"p740 p2238 "
"XX";12;"p512 p1216 "
"XX";12;"p512 p3122 "
"XX";13;"p325 p512 "
"XX";13;"p512 p1261 "
"XX";13;"p512 p2711 "
"XX";15;"p512 p2240 "
"XX";27;"p8 p740 "
"XX";31;"p740 p2212 "
"XX";30;"p512 p2874 "
"XX";30;"p512 p2238 "
"XX";30;"p740 p757 "
"XX";32;"p740 p2546 "
"XX";32;"p740 p2743 "
"XX";32;"p740 p1954 "
"XX";33;"p740 p2131 "
"XX";34;"p325 p740 "
"XX";34;"p740 p1261 "
"XX";34;"p740 p2711 "
"XX";35;"p740 p1216 "
"XX";35;"p740 p3122 "
"XX";36;"p740 p2240 "
"XX";36;"p740 p796 "
"XX";37;"p512 p1795 "
"XX";44;"p8 p512 "
"XX";46;"p740 p2687 "
"XX";57;"p740 p1795 "
"XX";60;"p512 p2687 "
"XX";1;"p501 p3118 "
"XX";3;"p501 p773 "
"XX";1;"p3313 p3375 "
"XX";5;"p501 p1164 "
"XX";4;"p633 p2260 "
"XX";3;"p882 p3313 "
"XX";4;"p343 p3313 "
"XX";4;"p2870 p3313 "
"XX";5;"p1264 p2260 "
"XX";5;"p883 p2260 "
"XX";5;"p1491 p2260 "
"XX";5;"p2260 p2691 "
"XX";5;"p2260 p3008 "
"XX";5;"p2260 p3035 "
"XX";5;"p636 p2260 "
"XX";2;"p3313 p3380 "
"XX";4;"p2783 p3313 "
"XX";7;"p1493 p2260 "
"XX";7;"p1281 p2260 "
"XX";7;"p1536 p2260 "
"XX";7;"p1161 p3313 "
"XX";2;"p882 p3118 "
"XX";4;"p501 p3313 "
"XX";1;"p343 p3118 "
"XX";4;"p3118 p3375 "
"XX";5;"p773 p3375 "
"XX";8;"p608 p2260 "
"XX";8;"p909 p2260 "
"XX";7;"p1164 p3375 "
"XX";13;"p785 p3313 "
"XX";4;"p773 p882 "
"XX";3;"p343 p773 "
"XX";6;"p882 p1164 "
"XX";15;"p506 p2260 "
"XX";17;"p2179 p3313 "
"XX";5;"p343 p1164 "
"XX";1;"p1161 p3118 "
"XX";23;"p3073 p3313 "
"XX";1;"p785 p3118 "
"XX";24;"p269 p3313 "
"XX";26;"p879 p3313 "
"XX";27;"p3163 p3313 "
"XX";28;"p1343 p3313 "
"XX";29;"p81 p3313 "
"XX";3;"p773 p1161 "
"XX";30;"p1020 p3313 "
"XX";3;"p2179 p3118 "
"XX";2;"p3073 p3118 "
"XX";5;"p773 p2870 "
"XX";3;"p773 p785 "
"XX";4;"p2870 p3118 "
"XX";5;"p1161 p1164 "
"XX";7;"p1164 p2870 "
"XX";5;"p785 p1164 "
"XX";5;"p3118 p3163 "
"XX";5;"p773 p2179 "
"XX";4;"p773 p3073 "
"XX";7;"p1164 p2179 "
"XX";7;"p773 p3163 "
"XX";50;"p1125 p3313 "
"XX";54;"p1276 p2260 "
"XX";9;"p773 p1343 "
"XX";10;"p269 p773 "
"XX";10;"p1164 p1343 "
"XX";10;"p773 p1020 "
"XX";11;"p1020 p1164 "
"XX";11;"p773 p879 "
"XX";11;"p81 p773 "
"XX";12;"p879 p1164 "
"XX";12;"p81 p1164 "
"XX";13;"p269 p1164 "
"XX";14;"p269 p3118 "
"XX";18;"p879 p3118 "
"XX";18;"p1343 p3118 "
"XX";19;"p1020 p3118 "
"XX";20;"p81 p3118 "
"XX";25;"p773 p2783 "
"XX";25;"p773 p3380 "
"XX";29;"p1164 p2783 "
"XX";29;"p1164 p3380 "
"XX";33;"p2783 p3118 "
"XX";33;"p3118 p3380 "
"XX";31;"p773 p1125 "
"XX";32;"p1125 p1164 "
"XX";39;"p1125 p3118 "
"XX";39;"p1164 p3073 "
"XX";43;"p1164 p3163 "
"XX";3;"p1248 p2860 "
"XX";4;"p708 p2860 "
"XX";5;"p1194 p2860 "
"XX";2;"p779 p1460 "
"XX";6;"p872 p2860 "
"XX";3;"p401 p1460 "
"XX";2;"p401 p988 "
"XX";1;"p734 p779 "
"XX";3;"p779 p3017 "
"XX";1;"p401 p630 "
"XX";9;"p2492 p2860 "
"XX";2;"p2068 p2540 "
"XX";6;"p186 p2492 "
"XX";6;"p2492 p2822 "
"XX";5;"p1460 p2262 "
"XX";8;"p375 p2492 "
"XX";6;"p734 p2492 "
"XX";3;"p186 p779 "
"XX";7;"p902 p2492 "
"XX";9;"p1516 p2492 "
"XX";2;"p1061 p1460 "
"XX";4;"p1198 p2860 "
"XX";4;"p779 p902 "
"XX";1;"p401 p734 "
"XX";4;"p401 p3017 "
"XX";10;"p2492 p2859 "
"XX";7;"p630 p2492 "
"XX";2;"p401 p2822 "
"XX";4;"p988 p2262 "
"XX";8;"p2492 p3017 "
"XX";14;"p779 p988 "
"XX";3;"p1113 p1460 "
"XX";10;"p779 p2822 "
"XX";2;"p1248 p1460 "
"XX";5;"p482 p1460 "
"XX";7;"p988 p2492 "
"XX";4;"p401 p902 "
"XX";3;"p708 p1460 "
"XX";3;"p630 p2262 "
"XX";3;"p1194 p1460 "
"XX";4;"p1064 p2540 "
"XX";21;"p401 p2860 "
"XX";20;"p2262 p2860 "
"XX";5;"p872 p1460 "
"XX";6;"p2262 p3017 "
"XX";4;"p375 p401 "
"XX";3;"p1460 p3381 "
"XX";3;"p734 p2262 "
"XX";19;"p1061 p2860 "
"XX";6;"p401 p2859 "
"XX";9;"p1460 p2492 "
"XX";3;"p2262 p2822 "
"XX";5;"p401 p1516 "
"XX";23;"p1025 p2492 "
"XX";4;"p1198 p1516 "
"XX";3;"p375 p1198 "
"XX";13;"p186 p401 "
"XX";1;"p630 p1061 "
"XX";23;"p482 p2860 "
"XX";5;"p902 p2262 "
"XX";26;"p1113 p2860 "
"XX";3;"p1061 p3017 "
"XX";16;"p988 p1061 "
"XX";24;"p2860 p3381 "
"XX";7;"p1198 p2859 "
"XX";5;"p186 p1198 "
"XX";1;"p1198 p2822 "
"XX";2;"p1238 p2540 "
"XX";2;"p1285 p2540 "
"XX";4;"p1198 p1460 "
"XX";3;"p482 p630 "
"XX";17;"p482 p988 "
"XX";27;"p633 p1039 "
"XX";4;"p902 p1198 "
"XX";14;"p186 p2262 "
"XX";1;"p734 p1061 "
"XX";5;"p375 p2262 "
"XX";7;"p2262 p2859 "
"XX";19;"p988 p1113 "
"XX";6;"p482 p3017 "
"XX";16;"p988 p1248 "
"XX";5;"p1516 p3381 "
"XX";6;"p630 p1113 "
"XX";17;"p708 p988 "
"XX";29;"p663 p2860 "
"XX";6;"p1516 p2262 "
"XX";6;"p734 p1198 "
"XX";4;"p375 p3381 "
"XX";8;"p2212 p2540 "
"XX";18;"p1025 p1198 "
"XX";18;"p988 p1194 "
"XX";19;"p401 p1025 "
"XX";3;"p926 p2540 "
"XX";19;"p872 p988 "
"XX";12;"p1113 p3017 "
"XX";16;"p988 p3381 "
"XX";5;"p708 p3017 "
"XX";29;"p1039 p1264 "
"XX";29;"p883 p1039 "
"XX";23;"p663 p1460 "
"XX";29;"p1039 p1491 "
"XX";29;"p1039 p2691 "
"XX";29;"p1039 p3008 "
"XX";29;"p1039 p3035 "
"XX";29;"p636 p1039 "
"XX";8;"p2859 p3381 "
"XX";17;"p630 p708 "
"XX";17;"p630 p1248 "
"XX";25;"p663 p1516 "
"XX";24;"p375 p663 "
"XX";13;"p186 p1061 "
"XX";20;"p630 p872 "
"XX";25;"p663 p1025 "
"XX";20;"p630 p1194 "
"XX";19;"p1025 p3381 "
"XX";23;"p663 p988 "
"XX";28;"p663 p2859 "
"XX";57;"p1039 p1493 "
"XX";25;"p186 p663 "
"XX";57;"p1039 p1281 "
"XX";57;"p1039 p1536 "
"XX";57;"p608 p1039 "
"XX";57;"p909 p1039 "
"XX";57;"p506 p1039 "
"XX";51;"p630 p779 "
"XX";52;"p375 p779 "
"XX";54;"p779 p1516 "
"XX";54;"p779 p2860 "
"XX";55;"p779 p2859 "
"XX";57;"p1039 p1276 "
"XX";56;"p779 p1025 "
"XX";7;"p1061 p1516 "
"XX";8;"p375 p1061 "
"XX";8;"p375 p482 "
"XX";9;"p482 p2859 "
"XX";8;"p872 p902 "
"XX";9;"p902 p1194 "
"XX";10;"p902 p1248 "
"XX";14;"p482 p1516 "
"XX";11;"p708 p902 "
"XX";14;"p375 p1113 "
"XX";12;"p734 p1194 "
"XX";13;"p186 p708 "
"XX";16;"p1061 p2859 "
"XX";13;"p734 p1248 "
"XX";13;"p734 p872 "
"XX";15;"p1113 p2859 "
"XX";19;"p482 p1025 "
"XX";15;"p2540 p2546 "
"XX";16;"p708 p734 "
"XX";17;"p2540 p2743 "
"XX";17;"p757 p2540 "
"XX";17;"p1954 p2540 "
"XX";20;"p1113 p1516 "
"XX";18;"p2131 p2540 "
"XX";19;"p186 p872 "
"XX";26;"p1025 p1061 "
"XX";20;"p186 p1194 "
"XX";20;"p1216 p2540 "
"XX";20;"p2540 p3122 "
"XX";21;"p186 p1248 "
"XX";21;"p1261 p2540 "
"XX";21;"p2240 p2540 "
"XX";21;"p2540 p2711 "
"XX";21;"p3017 p3381 "
"XX";21;"p325 p2540 "
"XX";21;"p796 p2540 "
"XX";26;"p1025 p1113 "
"XX";22;"p1248 p2822 "
"XX";22;"p872 p2822 "
"XX";23;"p1194 p2822 "
"XX";23;"p902 p3381 "
"XX";26;"p1198 p3017 "
"XX";25;"p708 p2822 "
"XX";28;"p375 p1248 "
"XX";28;"p482 p902 "
"XX";26;"p663 p3017 "
"XX";28;"p482 p2822 "
"XX";27;"p2822 p3381 "
"XX";27;"p734 p3381 "
"XX";31;"p375 p872 "
"XX";32;"p630 p1198 "
"XX";32;"p902 p1061 "
"XX";33;"p375 p708 "
"XX";33;"p375 p1194 "
"XX";33;"p1248 p2859 "
"XX";33;"p872 p2859 "
"XX";34;"p1248 p1516 "
"XX";34;"p708 p2859 "
"XX";35;"p1061 p2822 "
"XX";34;"p902 p1113 "
"XX";49;"p1025 p2262 "
"XX";34;"p1113 p2822 "
"XX";34;"p1194 p2859 "
"XX";34;"p186 p3381 "
"XX";37;"p2540 p2874 "
"XX";44;"p988 p1198 "
"XX";37;"p2238 p2540 "
"XX";38;"p872 p1516 "
"XX";37;"p482 p734 "
"XX";39;"p708 p1516 "
"XX";36;"p1795 p2540 "
"XX";39;"p1194 p1516 "
"XX";37;"p1248 p3017 "
"XX";43;"p872 p1025 "
"XX";38;"p1194 p3017 "
"XX";42;"p186 p482 "
"XX";44;"p1025 p1248 "
"XX";45;"p708 p1025 "
"XX";39;"p872 p3017 "
"XX";41;"p734 p1113 "
"XX";45;"p1025 p1194 "
"XX";49;"p186 p1113 "
"XX";51;"p8 p2540 "
"XX";49;"p630 p3381 "
"XX";54;"p630 p663 "
"XX";56;"p663 p902 "
"XX";56;"p663 p734 "
"XX";58;"p2540 p2687 "
"XX";59;"p663 p2822 "
"XX";2;"p501 p1487 "
"XX";2;"p927 p2179 "
"XX";4;"p927 p3163 "
"XX";14;"p501 p3373 "
"XX";10;"p501 p3136 "
"XX";2;"p927 p2870 "
"XX";5;"p1487 p3375 "
"XX";12;"p3136 p3375 "
"XX";3;"p882 p1487 "
"XX";2;"p343 p1487 "
"XX";14;"p343 p3373 "
"XX";17;"p882 p3373 "
"XX";11;"p2870 p3136 "
"XX";3;"p882 p927 "
"XX";2;"p1161 p1487 "
"XX";5;"p1487 p2870 "
"XX";2;"p785 p1487 "
"XX";19;"p1161 p3373 "
"XX";17;"p785 p3373 "
"XX";18;"p927 p3380 "
"XX";19;"p927 p2783 "
"XX";11;"p3136 p3380 "
"XX";16;"p3373 p3375 "
"XX";11;"p2783 p3136 "
"XX";18;"p2179 p3373 "
"XX";16;"p3073 p3373 "
"XX";4;"p1487 p2179 "
"XX";11;"p882 p3136 "
"XX";3;"p1487 p3073 "
"XX";14;"p343 p927 "
"XX";20;"p3163 p3373 "
"XX";18;"p269 p927 "
"XX";19;"p879 p927 "
"XX";18;"p927 p1343 "
"XX";10;"p343 p3136 "
"XX";6;"p1487 p3163 "
"XX";19;"p81 p927 "
"XX";20;"p927 p1020 "
"XX";12;"p269 p3136 "
"XX";12;"p879 p3136 "
"XX";12;"p1343 p3136 "
"XX";12;"p81 p3136 "
"XX";13;"p1020 p3136 "
"XX";30;"p81 p3373 "
"XX";33;"p879 p3373 "
"XX";33;"p1343 p3373 "
"XX";32;"p269 p3373 "
"XX";34;"p1020 p3373 "
"XX";33;"p1125 p3136 "
"XX";56;"p1125 p3373 "
"XX";40;"p927 p1125 "
"XX";9;"p1343 p1487 "
"XX";10;"p1020 p1487 "
"XX";11;"p879 p1487 "
"XX";11;"p81 p1487 "
"XX";13;"p785 p3136 "
"XX";13;"p269 p1487 "
"XX";22;"p1161 p3136 "
"XX";34;"p2870 p3373 "
"XX";22;"p3073 p3136 "
"XX";25;"p3136 p3163 "
"XX";27;"p2179 p3136 "
"XX";28;"p1487 p2783 "
"XX";28;"p1487 p3380 "
"XX";29;"p1125 p1487 "
"XX";65;"p2783 p3373 "
"XX";65;"p3373 p3380 "
"XX";5;"p102 p1064 "
"XX";9;"p102 p2068 "
"XX";7;"p102 p2212 "
"XX";7;"p102 p2874 "
"XX";8;"p102 p2238 "
"XX";7;"p102 p2546 "
"XX";7;"p102 p2743 "
"XX";7;"p102 p757 "
"XX";9;"p102 p1238 "
"XX";9;"p102 p1285 "
"XX";8;"p102 p1954 "
"XX";9;"p102 p2131 "
"XX";10;"p102 p926 "
"XX";44;"p102 p1216 "
"XX";44;"p102 p2240 "
"XX";44;"p102 p2687 "
"XX";44;"p102 p325 "
"XX";44;"p102 p796 "
"XX";44;"p8 p102 "
"XX";45;"p102 p1261 "
"XX";45;"p102 p2711 "
"XX";45;"p102 p3122 "
"XX";46;"p102 p1795 "
"XX";2;"p3313 p3381 "
"XX";4;"p401 p3313 "
"XX";7;"p2492 p3313 "
"XX";5;"p2262 p3313 "
"XX";7;"p2492 p3118 "
"XX";3;"p1061 p3313 "
"XX";5;"p1198 p3313 "
"XX";9;"p773 p2492 "
"XX";5;"p482 p3313 "
"XX";10;"p1164 p2492 "
"XX";7;"p773 p779 "
"XX";8;"p779 p1164 "
"XX";8;"p1113 p3313 "
"XX";4;"p401 p773 "
"XX";4;"p401 p3118 "
"XX";13;"p779 p3118 "
"XX";6;"p401 p1164 "
"XX";3;"p1198 p3118 "
"XX";6;"p773 p2262 "
"XX";5;"p2262 p3118 "
"XX";26;"p708 p3313 "
"XX";26;"p1248 p3313 "
"XX";8;"p1164 p2262 "
"XX";29;"p872 p3313 "
"XX";29;"p1194 p3313 "
"XX";5;"p773 p1198 "
"XX";7;"p1164 p1198 "
"XX";43;"p663 p3313 "
"XX";23;"p663 p3118 "
"XX";51;"p779 p3313 "
"XX";8;"p1164 p1248 "
"XX";8;"p773 p1248 "
"XX";10;"p773 p1194 "
"XX";11;"p773 p872 "
"XX";11;"p1164 p1194 "
"XX";12;"p872 p1164 "
"XX";14;"p708 p773 "
"XX";15;"p708 p1164 "
"XX";18;"p872 p3118 "
"XX";19;"p708 p3118 "
"XX";19;"p1194 p3118 "
"XX";20;"p1248 p3118 "
"XX";26;"p482 p773 "
"XX";25;"p773 p3381 "
"XX";26;"p1164 p3381 "
"XX";30;"p482 p1164 "
"XX";32;"p1061 p1164 "
"XX";32;"p773 p1061 "
"XX";33;"p482 p3118 "
"XX";32;"p773 p1113 "
"XX";37;"p1061 p3118 "
"XX";33;"p3118 p3381 "
"XX";36;"p1113 p1164 "
"XX";40;"p1113 p3118 "
"XX";57;"p663 p773 "
"XX";58;"p663 p1164 "
"XX";1;"p501 p740 "
"XX";3;"p2822 p2860 "
"XX";3;"p186 p2860 "
"XX";3;"p501 p512 "
"XX";4;"p902 p2860 "
"XX";5;"p1460 p2860 "
"XX";4;"p988 p2860 "
"XX";3;"p512 p3375 "
"XX";4;"p375 p1460 "
"XX";5;"p1460 p1516 "
"XX";2;"p740 p882 "
"XX";3;"p740 p3375 "
"XX";2;"p1460 p2822 "
"XX";5;"p186 p1460 "
"XX";6;"p1460 p2859 "
"XX";2;"p734 p1460 "
"XX";4;"p902 p1460 "
"XX";3;"p343 p740 "
"XX";11;"p2860 p3017 "
"XX";5;"p512 p882 "
"XX";21;"p375 p2860 "
"XX";3;"p630 p1460 "
"XX";4;"p343 p512 "
"XX";23;"p1516 p2860 "
"XX";4;"p1460 p3017 "
"XX";23;"p2859 p2860 "
"XX";24;"p630 p2860 "
"XX";3;"p630 p1516 "
"XX";19;"p1025 p1460 "
"XX";2;"p375 p630 "
"XX";4;"p512 p2870 "
"XX";17;"p988 p1516 "
"XX";7;"p740 p1161 "
"XX";17;"p375 p988 "
"XX";6;"p1516 p3017 "
"XX";5;"p375 p3017 "
"XX";18;"p988 p1025 "
"XX";7;"p740 p785 "
"XX";3;"p740 p2870 "
"XX";19;"p988 p2859 "
"XX";35;"p734 p2860 "
"XX";17;"p186 p988 "
"XX";37;"p1025 p2860 "
"XX";5;"p988 p1460 "
"XX";4;"p512 p1161 "
"XX";6;"p630 p2859 "
"XX";15;"p988 p2822 "
"XX";4;"p512 p785 "
"XX";10;"p740 p2179 "
"XX";18;"p902 p988 "
"XX";4;"p734 p1516 "
"XX";8;"p740 p3073 "
"XX";9;"p2859 p3017 "
"XX";16;"p734 p988 "
"XX";3;"p375 p734 "
"XX";10;"p740 p3163 "
"XX";7;"p186 p3017 "
"XX";7;"p512 p2179 "
"XX";6;"p902 p3017 "
"XX";17;"p630 p1025 "
"XX";20;"p186 p630 "
"XX";35;"p343 p453 "
"XX";35;"p453 p1161 "
"XX";35;"p453 p3073 "
"XX";35;"p453 p3375 "
"XX";35;"p453 p501 "
"XX";35;"p453 p785 "
"XX";35;"p453 p879 "
"XX";35;"p453 p882 "
"XX";35;"p81 p453 "
"XX";20;"p1025 p3017 "
"XX";36;"p269 p453 "
"XX";36;"p453 p1343 "
"XX";36;"p453 p2783 "
"XX";36;"p453 p2870 "
"XX";36;"p453 p3163 "
"XX";36;"p453 p3380 "
"XX";15;"p630 p2822 "
"XX";21;"p630 p988 "
"XX";19;"p630 p902 "
"XX";18;"p988 p3017 "
"XX";37;"p453 p2179 "
"XX";38;"p453 p1020 "
"XX";16;"p186 p1516 "
"XX";22;"p630 p734 "
"XX";52;"p453 p1125 "
"XX";9;"p375 p1516 "
"XX";11;"p375 p2859 "
"XX";12;"p269 p512 "
"XX";14;"p740 p2783 "
"XX";14;"p740 p3380 "
"XX";13;"p512 p1343 "
"XX";17;"p1516 p2859 "
"XX";14;"p512 p879 "
"XX";14;"p81 p512 "
"XX";15;"p512 p1020 "
"XX";15;"p734 p902 "
"XX";22;"p375 p1025 "
"XX";23;"p1025 p2859 "
"XX";26;"p1025 p1516 "
"XX";20;"p902 p2822 "
"XX";21;"p186 p902 "
"XX";26;"p186 p734 "
"XX";27;"p734 p2822 "
"XX";30;"p375 p902 "
"XX";29;"p2822 p2859 "
"XX";30;"p375 p2822 "
"XX";31;"p902 p2859 "
"XX";31;"p512 p2783 "
"XX";31;"p512 p3380 "
"XX";34;"p902 p1516 "
"XX";33;"p269 p740 "
"XX";36;"p1516 p2822 "
"XX";34;"p512 p1125 "
"XX";35;"p186 p2822 "
"XX";35;"p740 p1343 "
"XX";36;"p630 p3017 "
"XX";36;"p740 p1020 "
"XX";37;"p740 p879 "
"XX";41;"p902 p1025 "
"XX";37;"p81 p740 "
"XX";42;"p1025 p2822 "
"XX";38;"p512 p3163 "
"XX";38;"p512 p3073 "
"XX";38;"p734 p3017 "
"XX";40;"p734 p2859 "
"XX";40;"p2822 p3017 "
"XX";45;"p186 p375 "
"XX";46;"p186 p2859 "
"XX";51;"p734 p1025 "
"XX";55;"p186 p1025 "
"XX";53;"p740 p1125 "
"XX";26;"p633 p826 "
"XX";26;"p826 p1264 "
"XX";26;"p826 p883 "
"XX";26;"p636 p826 "
"XX";26;"p826 p1491 "
"XX";26;"p826 p2691 "
"XX";26;"p826 p3008 "
"XX";26;"p826 p3035 "
"XX";26;"p826 p1493 "
"XX";26;"p826 p1281 "
"XX";26;"p826 p1536 "
"XX";29;"p826 p1276 "
"XX";48;"p506 p826 "
"XX";55;"p608 p826 "
"XX";55;"p826 p909 "
"XX";2;"p501 p2540 "
"XX";1;"p401 p927 "
"XX";8;"p1487 p2492 "
"XX";6;"p779 p1487 "
"XX";6;"p927 p2492 "
"XX";3;"p927 p2262 "
"XX";10;"p779 p3136 "
"XX";15;"p779 p927 "
"XX";14;"p779 p3373 "
"XX";6;"p2540 p3375 "
"XX";4;"p401 p1487 "
"XX";11;"p401 p3136 "
"XX";3;"p882 p2540 "
"XX";20;"p2492 p3373 "
"XX";2;"p343 p2540 "
"XX";15;"p2492 p3136 "
"XX";13;"p2262 p3136 "
"XX";6;"p1487 p2262 "
"XX";3;"p1198 p1487 "
"XX";17;"p927 p1061 "
"XX";10;"p1061 p3136 "
"XX";17;"p1198 p3373 "
"XX";2;"p785 p2540 "
"XX";5;"p1161 p2540 "
"XX";10;"p2540 p2870 "
"XX";19;"p482 p927 "
"XX";18;"p927 p1113 "
"XX";12;"p482 p3136 "
"XX";17;"p401 p3373 "
"XX";4;"p2179 p2540 "
"XX";17;"p927 p1248 "
"XX";18;"p708 p927 "
"XX";17;"p3373 p3381 "
"XX";19;"p1113 p3136 "
"XX";10;"p1248 p3136 "
"XX";11;"p708 p3136 "
"XX";19;"p927 p1194 "
"XX";20;"p872 p927 "
"XX";12;"p872 p3136 "
"XX";13;"p1194 p3136 "
"XX";32;"p927 p3381 "
"XX";34;"p1194 p3373 "
"XX";33;"p1248 p3373 "
"XX";35;"p872 p3373 "
"XX";37;"p708 p3373 "
"XX";33;"p1113 p3373 "
"XX";37;"p663 p3373 "
"XX";47;"p663 p927 "
"XX";9;"p1248 p1487 "
"XX";10;"p1194 p1487 "
"XX";11;"p872 p1487 "
"XX";14;"p708 p1487 "
"XX";18;"p269 p2540 "
"XX";21;"p1198 p3136 "
"XX";36;"p2262 p3373 "
"XX";22;"p879 p2540 "
"XX";22;"p1343 p2540 "
"XX";23;"p1020 p2540 "
"XX";24;"p81 p2540 "
"XX";24;"p1487 p3381 "
"XX";29;"p482 p1487 "
"XX";32;"p1061 p1487 "
"XX";35;"p1113 p1487 "
"XX";36;"p2540 p2783 "
"XX";36;"p2540 p3380 "
"XX";35;"p3136 p3381 "
"XX";37;"p2540 p3073 "
"XX";39;"p663 p3136 "
"XX";39;"p2540 p3163 "
"XX";61;"p1061 p3373 "
"XX";44;"p1125 p2540 "
"XX";67;"p482 p3373 "
"XX";56;"p663 p1487 "
"XX";4;"p2860 p3118 "
"XX";4;"p2068 p2260 "
"XX";6;"p1064 p2260 "
"XX";5;"p1238 p2260 "
"XX";5;"p1285 p2260 "
"XX";7;"p1460 p3313 "
"XX";6;"p926 p2260 "
"XX";4;"p375 p3313 "
"XX";5;"p1516 p3313 "
"XX";7;"p2240 p2260 "
"XX";7;"p796 p2260 "
"XX";8;"p988 p3313 "
"XX";7;"p1216 p2260 "
"XX";7;"p2131 p2260 "
"XX";7;"p1954 p2260 "
"XX";7;"p2260 p2546 "
"XX";7;"p2260 p2743 "
"XX";7;"p757 p2260 "
"XX";3;"p1460 p3118 "
"XX";8;"p1261 p2260 "
"XX";8;"p2260 p2711 "
"XX";8;"p325 p2260 "
"XX";6;"p2859 p3313 "
"XX";8;"p2260 p3122 "
"XX";8;"p2260 p2874 "
"XX";13;"p2260 p2687 "
"XX";9;"p2238 p2260 "
"XX";5;"p773 p1460 "
"XX";14;"p8 p2260 "
"XX";7;"p1164 p1460 "
"XX";15;"p2212 p2260 "
"XX";18;"p1025 p3313 "
"XX";8;"p988 p3118 "
"XX";26;"p186 p3313 "
"XX";25;"p902 p3313 "
"XX";26;"p3017 p3313 "
"XX";27;"p2822 p3313 "
"XX";29;"p630 p3313 "
"XX";31;"p734 p3313 "
"XX";39;"p773 p2860 "
"XX";33;"p1795 p2260 "
"XX";41;"p1164 p2860 "
"XX";5;"p3017 p3118 "
"XX";18;"p773 p988 "
"XX";20;"p988 p1164 "
"XX";16;"p630 p3118 "
"XX";17;"p630 p1164 "
"XX";18;"p630 p773 "
"XX";44;"p2860 p3313 "
"XX";13;"p773 p902 "
"XX";14;"p902 p1164 "
"XX";16;"p902 p3118 "
"XX";16;"p734 p773 "
"XX";17;"p734 p1164 "
"XX";19;"p773 p2822 "
"XX";24;"p186 p773 "
"XX";25;"p186 p1164 "
"XX";25;"p734 p3118 "
"XX";25;"p1164 p2822 "
"XX";27;"p375 p773 "
"XX";28;"p375 p1164 "
"XX";28;"p2822 p3118 "
"XX";29;"p773 p2859 "
"XX";31;"p186 p3118 "
"XX";33;"p773 p1516 "
"XX";33;"p1164 p2859 "
"XX";34;"p1164 p1516 "
"XX";36;"p375 p3118 "
"XX";37;"p2859 p3118 "
"XX";40;"p1025 p3118 "
"XX";40;"p1516 p3118 "
"XX";40;"p773 p1025 "
"XX";44;"p1025 p1164 "
"XX";40;"p773 p3017 "
"XX";43;"p1164 p3017 "
"XX";4;"p102 p3375 "
"XX";3;"p102 p882 "
"XX";4;"p102 p501 "
"XX";7;"p102 p2870 "
"XX";9;"p102 p343 "
"XX";8;"p102 p3380 "
"XX";9;"p102 p2783 "
"XX";8;"p102 p269 "
"XX";9;"p102 p3073 "
"XX";11;"p102 p2179 "
"XX";11;"p102 p3163 "
"XX";44;"p102 p1161 "
"XX";44;"p102 p1343 "
"XX";44;"p102 p785 "
"XX";44;"p102 p879 "
"XX";44;"p81 p102 "
"XX";46;"p102 p1020 "
"XX";67;"p102 p1125 "
"XX";7;"p740 p2492 "
"XX";7;"p512 p779 "
"XX";10;"p512 p2492 "
"XX";2;"p401 p740 "
"XX";5;"p401 p512 "
"XX";6;"p512 p2262 "
"XX";29;"p1039 p2068 "
"XX";4;"p740 p2262 "
"XX";8;"p740 p1198 "
"XX";29;"p1039 p1064 "
"XX";6;"p512 p1198 "
"XX";28;"p1039 p1238 "
"XX";28;"p1039 p1285 "
"XX";29;"p926 p1039 "
"XX";35;"p401 p453 "
"XX";35;"p453 p1061 "
"XX";35;"p453 p1198 "
"XX";35;"p453 p1248 "
"XX";35;"p453 p708 "
"XX";12;"p740 p3381 "
"XX";36;"p453 p1113 "
"XX";36;"p453 p3381 "
"XX";37;"p453 p1194 "
"XX";37;"p453 p2492 "
"XX";38;"p453 p2262 "
"XX";38;"p453 p482 "
"XX";38;"p453 p872 "
"XX";29;"p1039 p2687 "
"XX";52;"p1039 p2240 "
"XX";30;"p663 p740 "
"XX";55;"p796 p1039 "
"XX";57;"p325 p1039 "
"XX";57;"p1039 p2131 "
"XX";58;"p1039 p1216 "
"XX";56;"p1039 p1954 "
"XX";58;"p1039 p1261 "
"XX";58;"p1039 p2711 "
"XX";58;"p1039 p3122 "
"XX";57;"p1039 p1795 "
"XX";57;"p757 p1039 "
"XX";58;"p1039 p2546 "
"XX";58;"p1039 p2743 "
"XX";48;"p8 p1039 "
"XX";57;"p1039 p2238 "
"XX";57;"p1039 p2874 "
"XX";57;"p1039 p2212 "
"XX";52;"p740 p779 "
"XX";56;"p453 p663 "
"XX";68;"p453 p779 "
"XX";15;"p482 p740 "
"XX";14;"p512 p872 "
"XX";14;"p512 p1194 "
"XX";16;"p512 p1248 "
"XX";17;"p512 p708 "
"XX";22;"p740 p1061 "
"XX";21;"p740 p1113 "
"XX";28;"p512 p3381 "
"XX";32;"p482 p512 "
"XX";35;"p740 p1248 "
"XX";37;"p512 p1061 "
"XX";36;"p740 p1194 "
"XX";37;"p740 p872 "
"XX";38;"p708 p740 "
"XX";38;"p512 p1113 "
"XX";58;"p512 p663 "
"XX";2;"p927 p3017 "
"XX";4;"p1460 p1487 "
"XX";18;"p2860 p3136 "
"XX";18;"p1460 p3373 "
"XX";4;"p927 p1460 "
"XX";31;"p927 p2860 "
"XX";17;"p988 p3373 "
"XX";19;"p927 p1516 "
"XX";39;"p1487 p2860 "
"XX";19;"p375 p927 "
"XX";13;"p1516 p3136 "
"XX";12;"p375 p3136 "
"XX";18;"p988 p1487 "
"XX";12;"p1460 p3136 "
"XX";21;"p927 p2859 "
"XX";16;"p630 p3373 "
"XX";22;"p927 p1025 "
"XX";50;"p2860 p3373 "
"XX";18;"p3017 p3373 "
"XX";20;"p186 p927 "
"XX";16;"p2859 p3136 "
"XX";13;"p186 p3136 "
"XX";19;"p902 p927 "
"XX";23;"p927 p2822 "
"XX";12;"p902 p3136 "
"XX";20;"p734 p927 "
"XX";10;"p2822 p3136 "
"XX";25;"p1025 p3136 "
"XX";19;"p630 p1487 "
"XX";15;"p734 p3136 "
"XX";32;"p734 p3373 "
"XX";27;"p2822 p3373 "
"XX";34;"p902 p3373 "
"XX";43;"p186 p3373 "
"XX";34;"p2859 p3373 "
"XX";13;"p902 p1487 "
"XX";16;"p734 p1487 "
"XX";21;"p1487 p2822 "
"XX";24;"p3017 p3136 "
"XX";24;"p186 p1487 "
"XX";29;"p630 p3136 "
"XX";31;"p375 p1487 "
"XX";32;"p1487 p2859 "
"XX";35;"p1487 p1516 "
"XX";43;"p1025 p1487 "
"XX";39;"p1487 p3017 "
"XX";53;"p927 p988 "
"XX";60;"p1516 p3373 "
"XX";63;"p375 p3373 "
"XX";66;"p1025 p3373 "
"XX";60;"p988 p3136 "
"XX";23;"p3118 p3313 "
"XX";25;"p773 p3313 "
"XX";27;"p1164 p3313 "
"XX";12;"p773 p1164 "
"XX";21;"p773 p3118 "
"XX";23;"p1164 p3118 "
"XX";8;"p2492 p2540 "
"XX";6;"p779 p2540 "
"XX";7;"p401 p2540 "
"XX";11;"p2262 p2540 "
"XX";4;"p1198 p2540 "
"XX";9;"p1061 p2540 "
"XX";21;"p2540 p3381 "
"XX";22;"p872 p2540 "
"XX";23;"p1194 p2540 "
"XX";24;"p1248 p2540 "
"XX";25;"p708 p2540 "
"XX";39;"p482 p2540 "
"XX";45;"p1113 p2540 "
"XX";54;"p663 p2540 "
"XX";3;"p740 p1460 "
"XX";6;"p512 p1460 "
"XX";23;"p740 p2860 "
"XX";19;"p740 p988 "
"XX";38;"p512 p2860 "
"XX";7;"p630 p740 "
"XX";11;"p740 p3017 "
"XX";21;"p512 p988 "
"XX";35;"p186 p453 "
"XX";35;"p453 p2822 "
"XX";35;"p453 p630 "
"XX";35;"p453 p734 "
"XX";36;"p375 p453 "
"XX";36;"p453 p902 "
"XX";36;"p453 p988 "
"XX";37;"p453 p1460 "
"XX";37;"p453 p3017 "
"XX";38;"p453 p1516 "
"XX";38;"p453 p2860 "
"XX";39;"p453 p2859 "
"XX";21;"p512 p630 "
"XX";52;"p453 p1025 "
"XX";12;"p512 p902 "
"XX";17;"p375 p740 "
"XX";15;"p512 p734 "
"XX";18;"p740 p2859 "
"XX";23;"p740 p1516 "
"XX";22;"p512 p2822 "
"XX";29;"p740 p1025 "
"XX";27;"p186 p512 "
"XX";34;"p375 p512 "
"XX";34;"p734 p740 "
"XX";35;"p512 p2859 "
"XX";35;"p740 p902 "
"XX";37;"p740 p2822 "
"XX";40;"p512 p1516 "
"XX";39;"p512 p3017 "
"XX";46;"p512 p1025 "
"XX";50;"p186 p740 "
"XX";5;"p102 p401 "
"XX";8;"p102 p779 "
"XX";9;"p102 p2492 "
"XX";6;"p102 p1061 "
"XX";8;"p102 p2262 "
"XX";9;"p102 p1198 "
"XX";8;"p102 p1113 "
"XX";8;"p102 p1248 "
"XX";10;"p102 p482 "
"XX";44;"p102 p3381 "
"XX";45;"p102 p708 "
"XX";46;"p102 p1194 "
"XX";47;"p102 p872 "
"XX";62;"p102 p663 "
"XX";3;"p2260 p3375 "
"XX";4;"p343 p2260 "
"XX";5;"p882 p2260 "
"XX";5;"p1161 p2260 "
"XX";5;"p785 p2260 "
"XX";4;"p501 p2260 "
"XX";5;"p2260 p3073 "
"XX";7;"p2179 p2260 "
"XX";7;"p81 p2260 "
"XX";9;"p2260 p3163 "
"XX";7;"p879 p2260 "
"XX";8;"p1343 p2260 "
"XX";8;"p269 p2260 "
"XX";10;"p1020 p2260 "
"XX";9;"p2260 p2783 "
"XX";9;"p2260 p3380 "
"XX";22;"p3136 p3313 "
"XX";26;"p1487 p3313 "
"XX";31;"p927 p3313 "
"XX";31;"p3313 p3373 "
"XX";29;"p1125 p2260 "
"XX";10;"p927 p3118 "
"XX";11;"p3118 p3136 "
"XX";20;"p773 p927 "
"XX";22;"p927 p1164 "
"XX";12;"p773 p3136 "
"XX";13;"p1164 p3136 "
"XX";35;"p773 p3373 "
"XX";37;"p1164 p3373 "
"XX";34;"p3118 p3373 "
"XX";54;"p2260 p2870 "
"XX";10;"p773 p1487 "
"XX";15;"p1164 p1487 "
"XX";20;"p1487 p3118 "
"XX";26;"p826 p2068 "
"XX";28;"p826 p1064 "
"XX";26;"p826 p1238 "
"XX";26;"p826 p1285 "
"XX";27;"p826 p926 "
"XX";26;"p796 p826 "
"XX";26;"p826 p2240 "
"XX";26;"p826 p2687 "
"XX";26;"p826 p2131 "
"XX";27;"p325 p826 "
"XX";27;"p826 p1261 "
"XX";27;"p826 p2711 "
"XX";27;"p826 p1216 "
"XX";26;"p826 p1954 "
"XX";27;"p826 p3122 "
"XX";26;"p757 p826 "
"XX";27;"p826 p2546 "
"XX";27;"p826 p2743 "
"XX";54;"p826 p1795 "
"XX";36;"p826 p2212 "
"XX";54;"p826 p2874 "
"XX";56;"p826 p2238 "
"XX";58;"p8 p826 "
"XX";29;"p882 p1039 "
"XX";27;"p343 p1039 "
"XX";31;"p1039 p1161 "
"XX";30;"p785 p1039 "
"XX";31;"p1039 p2179 "
"XX";29;"p1039 p3073 "
"XX";31;"p1039 p3163 "
"XX";58;"p501 p1039 "
"XX";53;"p81 p1039 "
"XX";56;"p1039 p1343 "
"XX";58;"p879 p1039 "
"XX";57;"p1020 p1039 "
"XX";58;"p269 p1039 "
"XX";57;"p1039 p2783 "
"XX";59;"p1039 p3380 "
"XX";79;"p1039 p1125 "
"XX";58;"p1039 p2870 "
"XX";57;"p1039 p3375 "
"XX";4;"p1460 p2540 "
"XX";34;"p2540 p2860 "
"XX";17;"p988 p2540 "
"XX";11;"p1516 p2540 "
"XX";18;"p630 p2540 "
"XX";20;"p902 p2540 "
"XX";29;"p734 p2540 "
"XX";31;"p2540 p2822 "
"XX";35;"p186 p2540 "
"XX";41;"p375 p2540 "
"XX";38;"p2540 p3017 "
"XX";42;"p2540 p2859 "
"XX";53;"p1025 p2540 "
"XX";8;"p740 p3313 "
"XX";30;"p512 p3313 "
"XX";36;"p453 p3118 "
"XX";36;"p453 p3313 "
"XX";37;"p453 p1164 "
"XX";37;"p453 p773 "
"XX";19;"p512 p773 "
"XX";20;"p512 p1164 "
"XX";22;"p512 p3118 "
"XX";31;"p740 p773 "
"XX";35;"p740 p1164 "
"XX";41;"p740 p3118 "
"XX";10;"p927 p3136 "
"XX";30;"p927 p3373 "
"XX";19;"p927 p1487 "
"XX";25;"p3136 p3373 "
"XX";12;"p1487 p3136 "
"XX";33;"p1487 p3373 "
"XX";5;"p102 p1460 "
"XX";7;"p102 p375 "
"XX";8;"p102 p1516 "
"XX";9;"p102 p902 "
"XX";11;"p102 p2859 "
"XX";11;"p102 p3017 "
"XX";24;"p102 p1025 "
"XX";44;"p102 p186 "
"XX";44;"p102 p2822 "
"XX";44;"p102 p630 "
"XX";44;"p102 p734 "
"XX";44;"p102 p988 "
"XX";47;"p102 p2860 "
"XX";3;"p401 p2260 "
"XX";9;"p2260 p2492 "
"XX";5;"p1198 p2260 "
"XX";8;"p2260 p3381 "
"XX";9;"p1194 p2260 "
"XX";9;"p708 p2260 "
"XX";10;"p1248 p2260 "
"XX";10;"p872 p2260 "
"XX";9;"p1113 p2260 "
"XX";11;"p482 p2260 "
"XX";15;"p1061 p2260 "
"XX";27;"p663 p2260 "
"XX";53;"p779 p2260 "
"XX";57;"p2260 p2262 "
"XX";31;"p2540 p3313 "
"XX";25;"p773 p2540 "
"XX";27;"p2540 p3118 "
"XX";27;"p1164 p2540 "
"XX";19;"p740 p927 "
"XX";17;"p740 p3136 "
"XX";35;"p453 p927 "
"XX";24;"p512 p927 "
"XX";14;"p512 p3136 "
"XX";37;"p453 p1487 "
"XX";34;"p512 p3373 "
"XX";43;"p453 p3136 "
"XX";33;"p740 p3373 "
"XX";49;"p453 p3373 "
"XX";19;"p512 p1487 "
"XX";34;"p740 p1487 "
"XX";33;"p1039 p2492 "
"XX";28;"p1039 p1198 "
"XX";42;"p1039 p3381 "
"XX";40;"p663 p1039 "
"XX";57;"p1039 p1248 "
"XX";58;"p1039 p1194 "
"XX";60;"p872 p1039 "
"XX";62;"p708 p1039 "
"XX";58;"p1039 p1113 "
"XX";59;"p482 p1039 "
"XX";59;"p1039 p1061 "
"XX";61;"p779 p1039 "
"XX";60;"p401 p1039 "
"XX";87;"p1039 p2262 "
"XX";26;"p501 p826 "
"XX";27;"p826 p882 "
"XX";26;"p343 p826 "
"XX";26;"p826 p1161 "
"XX";26;"p785 p826 "
"XX";26;"p826 p3073 "
"XX";28;"p826 p2179 "
"XX";28;"p826 p3375 "
"XX";30;"p826 p3163 "
"XX";26;"p81 p826 "
"XX";27;"p826 p879 "
"XX";27;"p826 p1343 "
"XX";27;"p269 p826 "
"XX";29;"p826 p1020 "
"XX";50;"p826 p1125 "
"XX";31;"p826 p2870 "
"XX";57;"p826 p2783 "
"XX";57;"p826 p3380 "
"XX";8;"p102 p3118 "
"XX";11;"p102 p773 "
"XX";12;"p102 p1164 "
"XX";45;"p102 p3313 "
"XX";27;"p927 p2540 "
"XX";12;"p2540 p3136 "
"XX";31;"p2540 p3373 "
"XX";27;"p1487 p2540 "
"XX";36;"p453 p512 "
"XX";36;"p453 p740 "
"XX";41;"p512 p740 "
"XX";6;"p1460 p2260 "
"XX";9;"p2260 p2860 "
"XX";8;"p988 p2260 "
"XX";6;"p630 p2260 "
"XX";7;"p2260 p3017 "
"XX";7;"p2260 p2822 "
"XX";8;"p734 p2260 "
"XX";7;"p186 p2260 "
"XX";8;"p902 p2260 "
"XX";11;"p2260 p2859 "
"XX";13;"p375 p2260 "
"XX";18;"p1516 p2260 "
"XX";25;"p1025 p2260 "
"XX";44;"p102 p927 "
"XX";45;"p102 p1487 "
"XX";51;"p102 p3136 "
"XX";57;"p102 p3373 "
"XX";27;"p186 p1039 "
"XX";29;"p1039 p1460 "
"XX";27;"p988 p1039 "
"XX";29;"p630 p1039 "
"XX";32;"p1039 p3017 "
"XX";37;"p453 p2540 "
"XX";52;"p1039 p2822 "
"XX";57;"p734 p1039 "
"XX";54;"p1039 p2860 "
"XX";59;"p902 p1039 "
"XX";58;"p1039 p2859 "
"XX";59;"p375 p1039 "
"XX";60;"p1039 p1516 "
"XX";64;"p1025 p1039 "
"XX";25;"p512 p2540 "
"XX";45;"p740 p2540 "
"XX";27;"p779 p826 "
"XX";30;"p826 p2492 "
"XX";27;"p826 p1198 "
"XX";28;"p401 p826 "
"XX";28;"p826 p3381 "
"XX";27;"p826 p872 "
"XX";28;"p826 p1194 "
"XX";27;"p826 p1248 "
"XX";31;"p708 p826 "
"XX";27;"p826 p1113 "
"XX";48;"p663 p826 "
"XX";42;"p826 p2262 "
"XX";50;"p826 p1061 "
"XX";55;"p482 p826 "
"XX";7;"p2260 p3313 "
"XX";10;"p773 p2260 "
"XX";10;"p2260 p3118 "
"XX";14;"p1164 p2260 "
"XX";37;"p102 p453 "
"XX";45;"p102 p740 "
"XX";46;"p102 p512 "
"XX";57;"p1039 p3313 "
"XX";59;"p773 p1039 "
"XX";59;"p1039 p3118 "
"XX";62;"p1039 p1164 "
"XX";46;"p102 p2540 "
"XX";14;"p927 p2260 "
"XX";10;"p1487 p2260 "
"XX";15;"p2260 p3136 "
"XX";56;"p2260 p3373 "
"XX";28;"p826 p1460 "
"XX";39;"p826 p2860 "
"XX";27;"p826 p988 "
"XX";26;"p630 p826 "
"XX";29;"p826 p3017 "
"XX";26;"p734 p826 "
"XX";26;"p826 p2822 "
"XX";28;"p826 p902 "
"XX";33;"p186 p826 "
"XX";50;"p826 p1516 "
"XX";53;"p375 p826 "
"XX";56;"p826 p1025 "
"XX";60;"p826 p2859 "
"XX";52;"p927 p1039 "
"XX";38;"p1039 p3136 "
"XX";59;"p1039 p1487 "
"XX";83;"p1039 p3373 "
"XX";8;"p740 p2260 "
"XX";10;"p512 p2260 "
"XX";37;"p453 p2260 "
"XX";28;"p826 p3313 "
"XX";29;"p773 p826 "
"XX";31;"p826 p1164 "
"XX";28;"p826 p3118 "
"XX";57;"p512 p1039 "
"XX";56;"p740 p1039 "
"XX";61;"p453 p1039 "
"XX";11;"p2260 p2540 "
"XX";54;"p1039 p2540 "
"XX";26;"p826 p927 "
"XX";35;"p826 p3136 "
"XX";29;"p826 p1487 "
"XX";62;"p826 p3373 "
"XX";10;"p102 p2260 "
"XX";68;"p102 p1039 "
"XX";29;"p512 p826 "
"XX";27;"p740 p826 "
"XX";59;"p453 p826 "
"XX";34;"p826 p2540 "
"XX";29;"p102 p826 "
"XX";32;"p1039 p2260 "
"XX";79;"p826 p2260 "
"XX";117;"p826 p1039 "
